Order_ID,Date,City,Product_Name,Category,Quantity,Unit_Price,Total_Sales,Delivery_Time,Customer_Rating,Payment_Mode,Delivery_Type,Seller_Name
1001,28-04-2024,Delhi,Wheat Flour 1kg,dairy,two,50,250.0,43,4.0,cash,Standard,FreshFarm
1002,09-06-2024,delhi,Sugar 1kg,Grocery,3,60,180.0,58,,UPI,Standard,BakeHouse
1003,12-01-2024,Pune,Cake 500g,Vegetables,4,70,280.0,90,N/A,Card,express,FreshFarm
1004,2024-06-18,Bengaluru,Onion 1kg,Vegetables,2,55,110.0,43,4.7,upi,express,GroceryHub
1005,2024/05/15,Jaipur,Banana 1dozen,Grocery,,100,300.0,36,4.0,UPI,express,FarmFresh
1006,2024/05/03,Mumbai,Rice 1kg,grocery,4,40,160.0,34,N/A,cash,standard,GreenCart
1007,27-05-2024,Delhi,Namkeen 500g,Snacks,2,85,170.0,41,3.5,upi,express,SnackBox
1008,2024-03-27,delhi,Milk 1L,Bakery,,55,165.0,38,4.2,cash,Express,FreshFarm
1009,2024-01-27,Delhi,Namkeen 500g,Fruits,,40,200.0,55,4.9,Cash,standard,FarmFresh
1010,2024/05/19,Bengaluru,Onion 1kg,dairy,two,50,250.0,75,N/A,upi,standard,BakeHouse
1011,2024/01/20,delhi,Bun 2pcs,dairy,two,,,27,4.9,cash,standard,GroceryHub
1012,2024/05/28,Jaipur,Chips 200g,Vegetables,,80,320.0,77,4.9,cash,Express,FreshFarm
1013,12-04-2024,Mumbai,Paneer 200g,dairy,3,30,90.0,75,4.7,cash,express,FreshFarm
1014,24-02-2024,Jaipur,Chicken 1kg,Poultry,,,,39,N/A,upi,Standard,FarmFresh
1015,2024-04-01,Jaipur,Apple 1kg,Vegetables,two,50,200.0,29,4.5,Cash,Standard,SnackBox
1016,2024/04/24,Bengaluru,Tomato 1kg,Snacks,4,40,160.0,80,3.5,Cash,standard,FarmFresh
1017,2024/03/12,Mumbai,Apple 1kg,Dairy,5,,,52,N/A,UPI,standard,GroceryHub
1018,2024/02/26,Banglore,Chicken 1kg,dairy,,45,225.0,66,4.9,Cash,Express,GreenCart
1019,2024-06-24,Jaipur,Onion 1kg,Vegetables,2,70,140.0,58,4.8,cash,Standard,BakeHouse
1020,2024/05/04,delhi,Cookies 300g,Dairy,2,70,140.0,29,4.9,upi,standard,FreshFarm
1021,17-02-2024,Banglore,Banana 1dozen,Fruits,2,55,110.0,46,,upi,express,SnackBox
1022,2024-03-12,Pune,Orange 1kg,grocery,2,50,100.0,35,4.5,Card,Standard,FarmFresh
1023,27-03-2024,Pune,Apple 1kg,Snacks,2,85,170.0,44,N/A,Cash,Express,FarmFresh
1024,2024-04-19,Bengaluru,Orange 1kg,grocery,5,50,250.0,77,4.7,cash,Express,GreenCart
1025,2024/04/03,Mumbai,Onion 1kg,Poultry,4,85,340.0,90,4.2,cash,express,FarmFresh
1026,2024/06/02,Mumbai,Namkeen 500g,Dairy,,70,350.0,52,,Cash,standard,BakeHouse
1027,2024/01/13,Mumbai,Cake 500g,dairy,two,80,240.0,83,N/A,Cash,standard,FarmFresh
1028,14-04-2024,Mumbai,Sugar 1kg,Dairy,two,,,53,4.0,upi,Standard,BakeHouse
1029,2024/01/01,Mumbai,Chips 200g,dairy,two,80,240.0,87,4.0,Cash,Express,GreenCart
1030,2024-05-27,Banglore,Chicken 1kg,Snacks,,30,90.0,76,4.2,upi,express,GreenCart
1031,2024/04/11,Jaipur,Tomato 1kg,Vegetables,3,80,240.0,34,N/A,Cash,express,FarmFresh
1032,2024-03-03,Pune,Curd 500g,Poultry,two,55,165.0,78,4.9,upi,Express,SnackBox
1033,2024/06/25,Banglore,Potato 1kg,grocery,5,60,300.0,49,N/A,UPI,express,FarmFresh
1034,2024/01/19,Pune,Paneer 200g,Grocery,4,45,180.0,73,4.2,upi,Express,FarmFresh
1035,2024/02/27,Bengaluru,Namkeen 500g,Bakery,two,80,160.0,34,4.9,Card,standard,FarmFresh
1036,2024-06-27,Banglore,Bun 2pcs,Dairy,two,,,36,4.8,cash,Standard,FarmFresh
1037,01-04-2024,delhi,Bread 400g,dairy,,55,165.0,30,4.9,UPI,standard,FarmFresh
1038,2024/03/12,delhi,Orange 1kg,Poultry,2,50,100.0,47,4.7,UPI,express,GreenCart
1039,2024-04-14,delhi,Curd 500g,grocery,4,40,160.0,42,4.2,Card,standard,FreshFarm
1040,31-01-2024,Delhi,Chips 200g,Dairy,1,80,80.0,86,3.5,UPI,standard,FreshFarm
1041,25-02-2024,Jaipur,Chips 200g,Dairy,,70,280.0,61,4.8,UPI,standard,GreenCart
1042,2024-01-23,Jaipur,Cake 500g,Grocery,4,80,320.0,90,4.2,Cash,Express,GreenCart
1043,03-05-2024,Pune,Bread 400g,Snacks,,100,300.0,83,N/A,cash,standard,BakeHouse
1044,2024-04-05,Delhi,Cake 500g,Dairy,4,70,280.0,25,3.5,Cash,Express,GroceryHub
1045,2024/02/04,Pune,Curd 500g,Dairy,4,30,120.0,81,4.7,cash,standard,GreenCart
1046,28-05-2024,Delhi,Curd 500g,Snacks,2,70,140.0,55,4.5,upi,standard,GroceryHub
1047,2024/06/05,Mumbai,Banana 1dozen,dairy,5,55,275.0,73,4.0,upi,standard,FarmFresh
1048,2024-04-03,Banglore,Wheat Flour 1kg,Bakery,1,100,100.0,52,4.7,Card,Express,FarmFresh
1049,2024/01/16,Bengaluru,Chips 200g,Grocery,,50,50.0,41,4.0,UPI,Standard,FarmFresh
1050,02-02-2024,Mumbai,Bun 2pcs,dairy,3,70,210.0,76,4.0,cash,Standard,BakeHouse
1051,2024-02-26,Jaipur,Curd 500g,Fruits,,40,200.0,40,,upi,express,FreshFarm
1052,08-01-2024,Mumbai,Chips 200g,Fruits,3,85,255.0,55,4.2,upi,Standard,FarmFresh
1053,2024/03/23,Mumbai,Potato 1kg,Bakery,1,30,30.0,35,4.5,upi,standard,BakeHouse
1054,2024-04-23,delhi,Banana 1dozen,Vegetables,1,100,100.0,49,4.8,UPI,Express,GroceryHub
1055,2024/01/15,Mumbai,Rice 1kg,Bakery,2,50,100.0,56,3.5,Card,Express,GreenCart
1056,06-06-2024,delhi,Bread 400g,Dairy,4,,,32,4.5,upi,express,FarmFresh
1057,26-01-2024,Banglore,Bread 400g,dairy,4,45,180.0,80,4.0,upi,Standard,GreenCart
1058,2024-05-17,Jaipur,Chicken 1kg,Bakery,2,80,160.0,27,,Cash,standard,GroceryHub
1059,21-04-2024,Delhi,Curd 500g,Fruits,5,50,250.0,79,N/A,upi,Express,BakeHouse
1060,14-02-2024,Bengaluru,Sugar 1kg,Vegetables,2,70,140.0,58,4.2,cash,standard,GreenCart
1061,2024/04/11,delhi,Orange 1kg,Grocery,2,60,120.0,71,4.8,Cash,express,GroceryHub
1062,13-04-2024,delhi,Eggs 6pcs,Vegetables,two,70,210.0,81,N/A,upi,Standard,GroceryHub
1063,2024-02-29,Pune,Rice 1kg,Snacks,2,45,90.0,62,4.2,Card,Express,GreenCart
1064,2024-05-31,delhi,Wheat Flour 1kg,Snacks,2,50,100.0,37,4.2,Cash,Standard,SnackBox
1065,2024/04/02,delhi,Banana 1dozen,Dairy,1,80,80.0,37,4.9,Cash,express,FreshFarm
1066,2024/06/05,Pune,Chicken 1kg,Fruits,two,55,110.0,68,3.5,UPI,express,GreenCart
1067,2024-05-15,Banglore,Tomato 1kg,Bakery,3,55,165.0,84,4.9,cash,standard,GroceryHub
1068,15-05-2024,Pune,Tomato 1kg,Poultry,2,50,100.0,55,3.5,Cash,Express,BakeHouse
1069,2024-03-23,Delhi,Eggs 6pcs,Grocery,4,55,220.0,83,,Card,express,GroceryHub
1070,2024/05/19,Delhi,Potato 1kg,Grocery,1,100,100.0,48,,upi,express,GreenCart
1071,23-03-2024,Banglore,Paneer 200g,Snacks,4,70,280.0,38,4.5,upi,express,FreshFarm
1072,2024/01/03,Pune,Bun 2pcs,Poultry,1,85,85.0,70,3.5,cash,standard,FreshFarm
1073,2024/05/03,Delhi,Tomato 1kg,Snacks,5,55,275.0,71,,cash,Standard,SnackBox
1074,09-03-2024,Mumbai,Cookies 300g,Fruits,1,45,45.0,35,4.9,Card,standard,FreshFarm
1075,07-06-2024,Bengaluru,Namkeen 500g,dairy,4,40,160.0,82,4.7,UPI,express,FarmFresh
1076,2024-01-01,Pune,Bun 2pcs,Dairy,1,30,30.0,85,3.5,Cash,Express,FarmFresh
1077,2024-03-30,Pune,Chips 200g,Dairy,3,30,90.0,63,,UPI,Standard,GroceryHub
1078,2024/01/09,Mumbai,Orange 1kg,Fruits,two,100,100.0,47,4.5,upi,express,FreshFarm
1079,27-04-2024,Jaipur,Chicken 1kg,Grocery,3,50,150.0,55,,upi,Express,GroceryHub
1080,2024/02/12,Jaipur,Potato 1kg,Poultry,2,70,140.0,32,,Card,Standard,FarmFresh
1081,2024-04-28,Banglore,Potato 1kg,Poultry,5,70,350.0,36,N/A,upi,Standard,GroceryHub
1082,2024/06/17,Banglore,Apple 1kg,Vegetables,5,45,225.0,55,4.2,Card,Standard,GreenCart
1083,2024-03-11,Bengaluru,Wheat Flour 1kg,grocery,,80,240.0,45,4.7,upi,standard,GroceryHub
1084,2024-06-11,Mumbai,Wheat Flour 1kg,Fruits,2,85,170.0,73,4.7,UPI,standard,GreenCart
1085,2024/05/22,Delhi,Bread 400g,grocery,two,45,45.0,76,4.0,Cash,standard,GreenCart
1086,2024-05-26,Banglore,Rice 1kg,dairy,two,,,29,4.8,UPI,Express,FreshFarm
1087,2024/05/12,Delhi,Sugar 1kg,Dairy,5,50,250.0,64,4.5,upi,Standard,FreshFarm
1088,2024-03-02,Pune,Apple 1kg,Bakery,2,30,60.0,29,4.5,Card,Standard,BakeHouse
1089,2024/06/03,Banglore,Sugar 1kg,Dairy,,100,500.0,76,,Card,standard,SnackBox
1090,2024-06-10,Mumbai,Eggs 6pcs,grocery,4,100,400.0,88,4.2,Cash,express,GroceryHub
1091,2024/01/11,Jaipur,Cake 500g,Vegetables,two,100,300.0,36,4.7,cash,Express,FreshFarm
1092,16-05-2024,Banglore,Bread 400g,Dairy,,80,240.0,44,,Card,standard,SnackBox
1093,15-03-2024,Jaipur,Paneer 200g,Vegetables,4,70,280.0,88,4.5,Cash,Standard,BakeHouse
1094,16-04-2024,Banglore,Apple 1kg,Vegetables,3,50,150.0,61,4.0,Cash,express,BakeHouse
1095,2024/05/03,Delhi,Apple 1kg,Grocery,,50,50.0,65,4.5,Card,express,SnackBox
1096,15-01-2024,Pune,Potato 1kg,Fruits,1,,,84,3.5,cash,Express,GroceryHub
1097,2024/01/05,Jaipur,Banana 1dozen,Snacks,,70,210.0,69,N/A,cash,express,FarmFresh
1098,2024/04/03,Delhi,Onion 1kg,Vegetables,5,55,275.0,76,N/A,Cash,Express,GroceryHub
1099,21-05-2024,Mumbai,Banana 1dozen,Grocery,1,,,39,3.5,Cash,standard,FreshFarm
1100,2024/03/18,Banglore,Chicken 1kg,grocery,two,50,200.0,88,3.5,Cash,express,FarmFresh
1101,2024-03-03,Mumbai,Cake 500g,Grocery,two,60,60.0,69,N/A,upi,express,GroceryHub
1102,2024/01/02,Jaipur,Bun 2pcs,Dairy,3,85,255.0,72,3.5,Card,express,BakeHouse
1103,2024/03/20,Mumbai,Orange 1kg,Vegetables,1,45,45.0,80,4.2,cash,Standard,FreshFarm
1104,2024-06-04,Jaipur,Eggs 6pcs,Grocery,3,55,165.0,67,4.5,cash,Standard,GroceryHub
1105,2024-02-13,Mumbai,Curd 500g,Vegetables,2,55,110.0,76,N/A,Card,standard,FarmFresh
1106,29-02-2024,delhi,Milk 1L,Dairy,3,45,135.0,63,4.5,UPI,Express,GreenCart
1107,17-06-2024,Delhi,Chicken 1kg,Snacks,1,,,86,4.2,cash,express,GreenCart
1108,28-03-2024,Bengaluru,Eggs 6pcs,Snacks,3,100,300.0,75,4.9,cash,Standard,BakeHouse
1109,30-05-2024,Banglore,Tomato 1kg,dairy,4,70,280.0,74,3.5,UPI,Standard,SnackBox
1110,09-03-2024,Bengaluru,Chips 200g,Vegetables,two,45,90.0,30,4.7,upi,express,SnackBox
1111,2024/01/28,Pune,Apple 1kg,Poultry,1,85,85.0,82,4.9,UPI,standard,GroceryHub
1112,2024-06-21,Banglore,Curd 500g,Poultry,1,40,40.0,29,4.5,UPI,Standard,FreshFarm
1113,22-01-2024,Jaipur,Curd 500g,Poultry,4,50,200.0,75,3.5,cash,Express,FreshFarm
1114,15-01-2024,Jaipur,Namkeen 500g,Grocery,two,40,200.0,55,,cash,Standard,FreshFarm
1115,2024-06-26,Jaipur,Banana 1dozen,Vegetables,4,50,200.0,86,N/A,upi,express,GreenCart
1116,2024/06/12,delhi,Orange 1kg,Grocery,5,100,500.0,39,,Cash,Express,SnackBox
1117,17-02-2024,Delhi,Curd 500g,Grocery,3,,,48,4.0,UPI,express,BakeHouse
1118,2024-01-27,Bengaluru,Milk 1L,Grocery,4,30,120.0,69,4.2,Cash,express,GreenCart
1119,2024/01/29,Banglore,Potato 1kg,Grocery,3,45,135.0,60,,upi,standard,BakeHouse
1120,01-05-2024,delhi,Chips 200g,Dairy,3,100,300.0,84,4.2,cash,standard,BakeHouse
1121,2024/04/15,Mumbai,Bread 400g,Dairy,,80,320.0,54,4.8,cash,Express,FreshFarm
1122,24-04-2024,Delhi,Bread 400g,Grocery,4,40,160.0,45,4.8,cash,Express,BakeHouse
1123,2024-02-16,Mumbai,Bun 2pcs,Snacks,two,70,280.0,76,4.7,upi,Standard,GreenCart
1124,18-06-2024,Bengaluru,Bread 400g,Snacks,4,40,160.0,42,4.5,upi,Standard,GreenCart
1125,2024-03-15,Pune,Rice 1kg,dairy,,45,90.0,53,4.2,upi,express,BakeHouse
1126,2024-02-23,Delhi,Cookies 300g,dairy,two,100,400.0,30,4.8,UPI,Express,FreshFarm
1127,12-01-2024,Bengaluru,Paneer 200g,Poultry,2,50,100.0,60,4.7,upi,Express,FarmFresh
1128,2024/06/22,Delhi,Banana 1dozen,Vegetables,4,80,320.0,52,4.9,upi,express,GroceryHub
1129,2024/03/26,Jaipur,Milk 1L,Poultry,two,85,340.0,47,,UPI,Express,FarmFresh
1130,2024/05/18,delhi,Potato 1kg,Snacks,two,55,110.0,25,4.8,Cash,Standard,GreenCart
1131,2024-02-18,Jaipur,Milk 1L,Vegetables,5,45,225.0,52,4.5,upi,Standard,SnackBox
1132,12-06-2024,Jaipur,Cake 500g,Grocery,,80,400.0,70,4.9,Cash,Standard,GroceryHub
1133,2024-02-22,Jaipur,Apple 1kg,grocery,two,40,40.0,30,4.0,Cash,Express,GreenCart
1134,2024/02/26,Bengaluru,Wheat Flour 1kg,Grocery,two,40,40.0,38,4.7,upi,standard,BakeHouse
1135,2024-03-21,Jaipur,Sugar 1kg,grocery,4,30,120.0,72,4.2,cash,Express,GreenCart
1136,2024-04-11,Delhi,Bread 400g,Grocery,,50,100.0,27,4.9,upi,standard,GroceryHub
1137,17-04-2024,Jaipur,Bun 2pcs,Poultry,two,100,300.0,86,N/A,UPI,Standard,GreenCart
1138,2024-02-16,Delhi,Bun 2pcs,Vegetables,5,70,350.0,67,4.8,Cash,Standard,BakeHouse
1139,2024-04-26,delhi,Orange 1kg,Dairy,,40,200.0,37,4.2,UPI,Standard,GroceryHub
1140,2024-04-21,Banglore,Onion 1kg,Snacks,2,70,140.0,58,N/A,Cash,express,BakeHouse
1141,2024/01/01,Bengaluru,Potato 1kg,dairy,3,80,240.0,47,4.2,Card,Standard,GreenCart
1142,2024-05-10,Pune,Cake 500g,Fruits,2,55,110.0,57,4.2,cash,Standard,FarmFresh
1143,2024/02/29,Pune,Chicken 1kg,Poultry,5,70,350.0,36,4.9,upi,standard,BakeHouse
1144,2024-06-07,Jaipur,Rice 1kg,dairy,3,85,255.0,64,4.0,Cash,Express,FreshFarm
1145,2024-05-31,Pune,Bread 400g,Dairy,2,100,200.0,33,3.5,Card,standard,GreenCart
1146,2024-01-12,Bengaluru,Banana 1dozen,Bakery,2,50,100.0,46,,Card,standard,BakeHouse
1147,2024/05/21,Mumbai,Cookies 300g,Poultry,5,100,500.0,67,4.9,UPI,standard,FreshFarm
1148,2024-04-25,Banglore,Banana 1dozen,dairy,4,,,61,4.7,UPI,standard,FarmFresh
1149,03-02-2024,delhi,Milk 1L,dairy,two,50,100.0,71,4.9,upi,Standard,SnackBox
1150,15-01-2024,delhi,Wheat Flour 1kg,dairy,4,80,320.0,80,4.5,cash,standard,SnackBox
1151,2024/02/21,Bengaluru,Namkeen 500g,Bakery,5,30,150.0,80,4.5,cash,Standard,SnackBox
1152,20-05-2024,Mumbai,Milk 1L,Poultry,3,55,165.0,68,4.9,Card,express,FarmFresh
1153,19-02-2024,Pune,Onion 1kg,Poultry,4,,,31,4.7,Card,express,FreshFarm
1154,2024/05/20,Mumbai,Orange 1kg,Bakery,3,80,240.0,42,4.5,Cash,Express,GroceryHub
1155,2024-02-05,Bengaluru,Cake 500g,Grocery,,,,25,N/A,Cash,Standard,GreenCart
1156,2024-02-22,Delhi,Banana 1dozen,Grocery,4,,,73,4.7,cash,Standard,FarmFresh
1157,17-02-2024,Bengaluru,Onion 1kg,Grocery,,60,240.0,48,N/A,UPI,express,FarmFresh
1158,09-03-2024,Mumbai,Sugar 1kg,grocery,,30,60.0,69,4.2,UPI,Standard,GreenCart
1159,2024-06-02,Banglore,Milk 1L,grocery,5,30,150.0,53,N/A,Cash,standard,FreshFarm
1160,24-05-2024,delhi,Bread 400g,Bakery,,80,320.0,59,N/A,cash,express,GreenCart
1161,2024-01-25,Bengaluru,Paneer 200g,dairy,5,45,225.0,34,4.8,UPI,Standard,FreshFarm
1162,25-02-2024,Bengaluru,Chips 200g,Fruits,two,50,150.0,38,4.7,Cash,Standard,BakeHouse
1163,27-02-2024,Bengaluru,Cookies 300g,Grocery,5,40,200.0,68,4.2,cash,standard,FarmFresh
1164,2024/06/17,Jaipur,Rice 1kg,Vegetables,1,40,40.0,32,4.5,upi,standard,GreenCart
1165,17-06-2024,Jaipur,Eggs 6pcs,Vegetables,3,45,135.0,49,4.5,Card,Express,FarmFresh
1166,24-06-2024,Mumbai,Apple 1kg,Snacks,1,70,70.0,29,4.5,upi,Standard,SnackBox
1167,2024-05-30,delhi,Potato 1kg,Bakery,4,80,320.0,58,4.9,Cash,Standard,GreenCart
1168,17-02-2024,Delhi,Chicken 1kg,Poultry,,50,100.0,76,4.8,Cash,express,BakeHouse
1169,2024/04/24,Jaipur,Bun 2pcs,Vegetables,4,45,180.0,89,4.5,UPI,Standard,SnackBox
1170,2024-02-02,Mumbai,Chicken 1kg,dairy,5,80,400.0,42,4.9,UPI,standard,FarmFresh
1171,2024-06-07,Delhi,Chips 200g,Grocery,5,70,350.0,71,4.9,cash,express,SnackBox
1172,2024/05/04,Mumbai,Rice 1kg,Vegetables,two,55,55.0,58,4.7,Cash,standard,GroceryHub
1173,2024/01/11,Pune,Chicken 1kg,Bakery,3,,,55,4.2,cash,Express,FreshFarm
1174,02-01-2024,Banglore,Tomato 1kg,Fruits,3,,,40,4.9,UPI,express,FreshFarm
1175,2024/03/22,Banglore,Eggs 6pcs,Poultry,two,40,120.0,41,4.0,cash,Express,GroceryHub
1176,2024-01-07,Mumbai,Paneer 200g,Poultry,4,50,200.0,53,N/A,UPI,Standard,FreshFarm
1177,2024-01-12,Jaipur,Namkeen 500g,dairy,5,55,275.0,44,4.2,Cash,standard,GroceryHub
1178,14-04-2024,Bengaluru,Rice 1kg,Poultry,5,,,42,3.5,UPI,standard,BakeHouse
1179,2024-03-07,Bengaluru,Rice 1kg,dairy,,30,60.0,28,4.2,UPI,standard,FreshFarm
1180,19-01-2024,Delhi,Orange 1kg,Poultry,,100,300.0,28,,UPI,Express,BakeHouse
1181,03-02-2024,Delhi,Cookies 300g,grocery,two,80,240.0,65,4.5,cash,Standard,SnackBox
1182,2024/02/10,Mumbai,Tomato 1kg,Poultry,,55,110.0,83,N/A,cash,standard,SnackBox
1183,07-03-2024,Jaipur,Potato 1kg,Grocery,two,45,225.0,62,4.2,UPI,standard,GreenCart
1184,2024/03/02,Pune,Cookies 300g,grocery,,70,350.0,63,3.5,Card,standard,BakeHouse
1185,19-01-2024,Pune,Paneer 200g,Fruits,1,,,51,4.8,upi,standard,BakeHouse
1186,2024-06-23,Delhi,Namkeen 500g,Vegetables,3,40,120.0,35,,Card,Express,BakeHouse
1187,2024/01/22,Delhi,Namkeen 500g,Fruits,,50,100.0,75,N/A,Card,express,FreshFarm
1188,2024-02-16,Delhi,Bread 400g,Grocery,2,40,80.0,50,3.5,UPI,standard,GreenCart
1189,25-06-2024,Banglore,Cookies 300g,Fruits,2,50,100.0,42,4.9,Cash,Standard,GreenCart
1190,11-03-2024,delhi,Tomato 1kg,dairy,2,100,200.0,45,4.2,cash,Express,FarmFresh
1191,2024/05/10,Banglore,Rice 1kg,Dairy,1,80,80.0,61,4.2,cash,Standard,GroceryHub
1192,16-05-2024,Mumbai,Apple 1kg,Fruits,,85,170.0,75,4.7,cash,Express,SnackBox
1193,05-04-2024,Bengaluru,Curd 500g,Vegetables,,40,200.0,90,N/A,Card,Express,FreshFarm
1194,2024-06-11,Bengaluru,Bun 2pcs,grocery,2,70,140.0,36,4.8,cash,Standard,SnackBox
1195,2024/03/23,Jaipur,Onion 1kg,Grocery,5,85,425.0,49,4.8,cash,Standard,BakeHouse
1196,15-02-2024,Pune,Chicken 1kg,Fruits,3,50,150.0,40,4.9,UPI,standard,BakeHouse
1197,2024/04/22,Jaipur,Banana 1dozen,Bakery,2,45,90.0,82,4.0,upi,Standard,GreenCart
1198,2024-02-05,Delhi,Chips 200g,grocery,1,55,55.0,41,4.8,upi,Standard,SnackBox
1199,2024/06/15,Jaipur,Bun 2pcs,Poultry,2,60,120.0,25,4.5,UPI,Standard,GreenCart
1200,2024/01/08,Pune,Potato 1kg,Poultry,two,70,280.0,66,4.8,cash,standard,FreshFarm
1201,2024-01-09,Delhi,Cake 500g,Grocery,1,50,50.0,82,4.7,cash,standard,BakeHouse
1202,2024-02-10,Mumbai,Sugar 1kg,Vegetables,,55,275.0,51,4.5,cash,Standard,SnackBox
1203,28-06-2024,Banglore,Bread 400g,dairy,1,30,30.0,82,4.7,Cash,Standard,FarmFresh
1204,19-02-2024,Jaipur,Banana 1dozen,Bakery,4,100,400.0,36,4.2,Card,express,FreshFarm
1205,2024-02-05,delhi,Banana 1dozen,Snacks,5,85,425.0,76,N/A,Cash,express,BakeHouse
1206,27-02-2024,Jaipur,Onion 1kg,Poultry,1,80,80.0,25,4.7,cash,standard,FarmFresh
1207,2024-06-28,Mumbai,Onion 1kg,Snacks,3,60,180.0,87,4.2,UPI,standard,GreenCart
1208,20-04-2024,Banglore,Sugar 1kg,grocery,2,80,160.0,53,N/A,Card,standard,FreshFarm
1209,2024/02/03,Pune,Chicken 1kg,Snacks,1,70,70.0,89,4.8,upi,express,BakeHouse
1210,2024-03-26,Pune,Paneer 200g,Snacks,4,85,340.0,35,4.8,cash,Standard,GroceryHub
1211,03-05-2024,delhi,Rice 1kg,Grocery,1,85,85.0,58,4.5,UPI,express,GroceryHub
1212,2024/01/21,delhi,Banana 1dozen,Vegetables,2,70,140.0,84,4.0,UPI,Express,FarmFresh
1213,16-06-2024,Banglore,Bread 400g,dairy,3,30,90.0,48,4.0,cash,Express,GroceryHub
1214,2024/05/24,Banglore,Eggs 6pcs,Snacks,,45,45.0,89,4.2,UPI,standard,GreenCart
1215,2024/02/05,Pune,Eggs 6pcs,grocery,two,,,51,4.2,cash,standard,FreshFarm
1216,23-06-2024,Pune,Cake 500g,Bakery,5,50,250.0,72,3.5,Card,express,BakeHouse
1217,2024/03/05,Pune,Wheat Flour 1kg,Dairy,1,80,80.0,49,4.8,cash,standard,SnackBox
1218,2024-01-02,delhi,Onion 1kg,Bakery,,80,400.0,36,3.5,UPI,standard,FarmFresh
1219,03-04-2024,delhi,Cookies 300g,Poultry,2,30,60.0,61,4.7,UPI,Express,SnackBox
1220,2024-02-17,Delhi,Namkeen 500g,Bakery,2,100,200.0,41,N/A,Card,express,FarmFresh
1221,2024/06/22,Banglore,Apple 1kg,Dairy,5,70,350.0,55,4.2,UPI,Express,BakeHouse
1222,2024/03/23,Delhi,Tomato 1kg,dairy,4,100,400.0,60,4.5,UPI,Standard,BakeHouse
1223,2024/06/18,Mumbai,Rice 1kg,Grocery,4,50,200.0,84,N/A,Cash,standard,BakeHouse
1224,2024/01/05,Banglore,Sugar 1kg,grocery,two,85,85.0,66,4.9,cash,express,GroceryHub
1225,21-04-2024,Jaipur,Banana 1dozen,dairy,two,40,40.0,33,4.8,Card,express,GroceryHub
1226,09-02-2024,Jaipur,Orange 1kg,Dairy,,80,160.0,68,4.8,Cash,Standard,FarmFresh
1227,06-02-2024,Jaipur,Cake 500g,Grocery,2,85,170.0,89,4.2,cash,standard,FreshFarm
1228,2024/02/15,Jaipur,Milk 1L,Fruits,,85,340.0,45,N/A,cash,express,FreshFarm
1229,2024-05-08,delhi,Cookies 300g,Poultry,5,85,425.0,63,4.7,Card,Express,FreshFarm
1230,2024-05-01,Pune,Curd 500g,Dairy,3,,,41,N/A,UPI,Express,SnackBox
1231,2024-05-18,delhi,Bread 400g,Bakery,,,,71,4.5,Cash,express,GreenCart
1232,20-05-2024,delhi,Milk 1L,Vegetables,two,70,140.0,65,4.8,Card,express,GroceryHub
1233,18-05-2024,Bengaluru,Bun 2pcs,Snacks,4,,,25,4.8,Card,express,FarmFresh
1234,2024-02-26,delhi,Milk 1L,Bakery,2,100,200.0,90,4.0,Card,express,BakeHouse
1235,15-06-2024,Delhi,Sugar 1kg,dairy,2,40,80.0,82,4.2,cash,express,GroceryHub
1236,2024-06-06,Jaipur,Cookies 300g,Poultry,2,55,110.0,58,N/A,Card,Standard,GroceryHub
1237,10-04-2024,Pune,Bun 2pcs,grocery,,45,180.0,34,4.7,cash,Standard,GreenCart
1238,2024/04/25,Pune,Namkeen 500g,Grocery,1,55,55.0,46,4.8,Cash,Express,GroceryHub
1239,2024/02/16,Bengaluru,Cake 500g,Snacks,2,100,200.0,47,3.5,Card,Standard,BakeHouse
1240,2024/05/15,Delhi,Chips 200g,Dairy,1,40,40.0,40,N/A,cash,Express,GreenCart
1241,04-04-2024,Delhi,Bread 400g,Bakery,1,100,100.0,57,,cash,Express,GreenCart
1242,2024/04/27,Pune,Namkeen 500g,Dairy,2,,,44,4.2,Cash,express,FreshFarm
1243,04-02-2024,Bengaluru,Eggs 6pcs,Grocery,1,100,100.0,57,4.2,upi,express,SnackBox
1244,2024-02-06,Pune,Paneer 200g,Vegetables,3,60,180.0,47,N/A,UPI,Express,FarmFresh
1245,14-02-2024,Pune,Potato 1kg,Fruits,1,45,45.0,89,4.8,UPI,standard,SnackBox
1246,2024-03-23,Pune,Milk 1L,Dairy,two,100,200.0,27,4.5,upi,express,FreshFarm
1247,01-04-2024,delhi,Orange 1kg,grocery,two,,,36,,upi,Standard,BakeHouse
1248,2024-03-23,Delhi,Paneer 200g,Dairy,4,45,180.0,80,4.5,cash,express,FarmFresh
1249,2024/05/06,delhi,Rice 1kg,Fruits,two,30,150.0,42,,cash,express,SnackBox
1250,2024-04-24,Bengaluru,Eggs 6pcs,Fruits,5,30,150.0,59,4.9,cash,standard,FarmFresh
1251,2024-05-07,Pune,Onion 1kg,Vegetables,,30,90.0,81,4.0,UPI,express,GreenCart
1252,15-04-2024,Bengaluru,Tomato 1kg,Dairy,1,80,80.0,25,4.0,Cash,Express,GreenCart
1253,2024/03/08,Bengaluru,Potato 1kg,Snacks,4,70,280.0,83,3.5,upi,Standard,SnackBox
1254,2024-05-28,Mumbai,Eggs 6pcs,Dairy,,85,425.0,32,3.5,UPI,standard,GroceryHub
1255,11-04-2024,Mumbai,Chicken 1kg,Snacks,2,55,110.0,53,4.9,upi,Express,FarmFresh
1256,2024-05-29,Banglore,Wheat Flour 1kg,Grocery,5,45,225.0,62,3.5,Card,Express,GroceryHub
1257,2024/05/17,Jaipur,Cookies 300g,Vegetables,2,80,160.0,50,4.7,cash,Standard,FreshFarm
1258,2024-05-27,Pune,Chips 200g,Bakery,3,45,135.0,37,4.8,Cash,express,FreshFarm
1259,2024/05/08,Delhi,Wheat Flour 1kg,grocery,two,80,80.0,28,,Card,express,SnackBox
1260,2024/04/22,delhi,Rice 1kg,Grocery,3,85,255.0,75,4.8,UPI,Standard,FarmFresh
1261,2024-06-14,Bengaluru,Milk 1L,Fruits,5,30,150.0,37,4.0,cash,express,BakeHouse
1262,2024-04-15,Jaipur,Sugar 1kg,Snacks,3,80,240.0,30,4.0,upi,standard,BakeHouse
1263,2024/04/01,Pune,Chicken 1kg,Vegetables,5,40,200.0,85,3.5,Cash,Express,SnackBox
1264,2024/05/07,Bengaluru,Rice 1kg,dairy,1,,,40,4.9,upi,Express,GroceryHub
1265,27-01-2024,Pune,Bun 2pcs,Bakery,1,70,70.0,33,4.9,Cash,Express,FarmFresh
1266,01-03-2024,Banglore,Paneer 200g,Bakery,two,55,165.0,37,4.9,cash,express,FarmFresh
1267,11-02-2024,delhi,Banana 1dozen,Snacks,,60,60.0,38,,cash,Standard,FarmFresh
1268,2024/05/31,Delhi,Chips 200g,Fruits,two,,,67,,upi,Standard,SnackBox
1269,2024/01/27,Bengaluru,Banana 1dozen,Fruits,,,,69,4.0,Card,standard,GroceryHub
1270,2024/03/25,Mumbai,Chicken 1kg,Grocery,two,100,500.0,59,4.0,Card,Standard,FarmFresh
1271,2024/04/14,Banglore,Wheat Flour 1kg,dairy,1,30,30.0,32,3.5,cash,express,GroceryHub
1272,2024/06/22,Mumbai,Rice 1kg,Poultry,1,50,50.0,73,4.0,cash,Standard,GreenCart
1273,2024/01/31,Mumbai,Paneer 200g,Vegetables,,55,275.0,58,4.2,upi,express,BakeHouse
1274,2024/02/25,Jaipur,Cake 500g,Poultry,2,100,200.0,76,4.9,UPI,express,FreshFarm
1275,2024/03/02,Mumbai,Milk 1L,Vegetables,4,80,320.0,30,4.0,cash,standard,GreenCart
1276,2024/03/29,delhi,Bun 2pcs,Vegetables,4,85,340.0,33,4.7,cash,Standard,GreenCart
1277,04-05-2024,Bengaluru,Bread 400g,Dairy,,85,170.0,79,4.5,Cash,Express,GreenCart
1278,2024-04-21,Jaipur,Wheat Flour 1kg,Vegetables,1,30,30.0,62,4.9,UPI,standard,FreshFarm
1279,27-01-2024,Jaipur,Chips 200g,Vegetables,4,50,200.0,56,4.2,upi,express,FreshFarm
1280,2024/02/11,Banglore,Tomato 1kg,dairy,1,40,40.0,46,4.8,Cash,Express,SnackBox
1281,24-03-2024,Pune,Sugar 1kg,Dairy,4,45,180.0,77,3.5,cash,Express,SnackBox
1282,2024-04-06,delhi,Curd 500g,Grocery,1,55,55.0,70,N/A,upi,standard,GroceryHub
1283,2024-01-29,Pune,Paneer 200g,Snacks,3,45,135.0,67,,cash,express,BakeHouse
1284,2024/01/14,Bengaluru,Bun 2pcs,Bakery,two,,,77,3.5,cash,Standard,BakeHouse
1285,2024-05-30,Delhi,Wheat Flour 1kg,Dairy,5,50,250.0,25,4.9,UPI,Standard,FarmFresh
1286,2024/05/15,Pune,Eggs 6pcs,Fruits,3,55,165.0,25,4.2,Card,Standard,GreenCart
1287,2024/04/27,delhi,Curd 500g,dairy,1,80,80.0,68,4.9,upi,standard,GreenCart
1288,2024/03/21,Mumbai,Cookies 300g,Vegetables,5,45,225.0,69,,Card,express,GreenCart
1289,03-05-2024,Mumbai,Sugar 1kg,Bakery,5,85,425.0,28,4.7,Card,express,GroceryHub
1290,2024/06/02,Delhi,Cookies 300g,dairy,1,80,80.0,46,N/A,upi,express,BakeHouse
1291,2024/02/10,Banglore,Bun 2pcs,Poultry,2,45,90.0,38,N/A,Card,Express,GreenCart
1292,2024-05-08,Banglore,Potato 1kg,Bakery,,50,50.0,68,4.8,UPI,Express,BakeHouse
1293,2024-03-18,Banglore,Banana 1dozen,Grocery,,85,425.0,50,4.5,cash,express,GreenCart
1294,2024/06/04,Bengaluru,Eggs 6pcs,Fruits,3,80,240.0,48,4.8,cash,Standard,GroceryHub
1295,18-06-2024,Banglore,Eggs 6pcs,Vegetables,5,45,225.0,39,4.8,Cash,Express,BakeHouse
1296,2024-01-18,Jaipur,Sugar 1kg,Snacks,,,,68,,cash,Standard,GreenCart
1297,2024-05-13,delhi,Onion 1kg,Snacks,5,100,500.0,65,4.2,UPI,Express,SnackBox
1298,29-06-2024,Banglore,Chips 200g,Vegetables,two,40,80.0,63,4.7,UPI,express,FarmFresh
1299,2024-01-11,Mumbai,Eggs 6pcs,Dairy,2,45,90.0,50,4.2,UPI,standard,SnackBox
1300,16-06-2024,Pune,Namkeen 500g,Grocery,2,45,90.0,40,4.0,Cash,standard,SnackBox
1301,2024/02/06,Pune,Chicken 1kg,grocery,2,50,100.0,39,N/A,Cash,express,FreshFarm
1302,30-05-2024,Mumbai,Chips 200g,Fruits,2,80,160.0,66,N/A,cash,Standard,GroceryHub
1303,2024-04-26,Pune,Sugar 1kg,Poultry,3,45,135.0,55,3.5,cash,standard,GreenCart
1304,2024/02/24,Mumbai,Cake 500g,Snacks,5,,,87,4.8,cash,express,GreenCart
1305,2024/04/30,Delhi,Cookies 300g,Dairy,3,45,135.0,70,N/A,cash,Standard,GreenCart
1306,2024/04/24,delhi,Onion 1kg,Poultry,4,70,280.0,59,4.9,UPI,Standard,BakeHouse
1307,2024-06-20,Jaipur,Tomato 1kg,Poultry,,40,80.0,53,,UPI,standard,FreshFarm
1308,2024/03/11,Pune,Wheat Flour 1kg,dairy,,50,100.0,74,3.5,Cash,Express,BakeHouse
1309,2024-03-08,Pune,Chips 200g,grocery,4,70,280.0,67,4.7,Card,Express,FreshFarm
1310,2024/03/06,Bengaluru,Eggs 6pcs,Grocery,4,50,200.0,84,4.0,UPI,standard,BakeHouse
1311,2024-06-05,delhi,Potato 1kg,Poultry,2,30,60.0,51,4.2,UPI,standard,GroceryHub
1312,2024/04/17,delhi,Banana 1dozen,Fruits,1,45,45.0,25,,Cash,Express,SnackBox
1313,27-05-2024,delhi,Orange 1kg,grocery,1,45,45.0,36,N/A,cash,express,GroceryHub
1314,27-06-2024,Delhi,Bread 400g,Fruits,4,85,340.0,25,,Cash,Express,BakeHouse
1315,07-01-2024,Bengaluru,Apple 1kg,Vegetables,2,55,110.0,31,3.5,UPI,Standard,SnackBox
1316,25-06-2024,Bengaluru,Curd 500g,Fruits,4,30,120.0,39,4.5,cash,Express,SnackBox
1317,15-03-2024,Pune,Apple 1kg,Poultry,5,55,275.0,60,,cash,Standard,FarmFresh
1318,2024-01-02,Banglore,Banana 1dozen,Bakery,1,40,40.0,46,4.5,UPI,standard,GroceryHub
1319,08-03-2024,Jaipur,Chicken 1kg,dairy,,70,70.0,48,4.9,cash,Standard,GreenCart
1320,05-03-2024,Bengaluru,Bun 2pcs,Snacks,5,60,300.0,71,4.7,UPI,Express,BakeHouse
1321,2024-03-03,delhi,Onion 1kg,dairy,1,,,43,4.8,UPI,Express,GreenCart
1322,29-02-2024,Delhi,Cookies 300g,Bakery,3,40,120.0,75,4.8,Cash,Standard,BakeHouse
1323,2024/04/04,Banglore,Cake 500g,Fruits,3,30,90.0,77,4.0,upi,Express,FarmFresh
1324,13-04-2024,Mumbai,Cake 500g,Fruits,4,60,240.0,29,4.9,Cash,express,FreshFarm
1325,2024/04/17,Banglore,Apple 1kg,Fruits,two,45,45.0,25,4.9,UPI,express,FreshFarm
1326,2024-04-10,Bengaluru,Cake 500g,grocery,5,80,400.0,48,4.9,Cash,express,FarmFresh
1327,2024/04/24,Jaipur,Orange 1kg,dairy,2,30,60.0,39,4.9,Cash,Express,SnackBox
1328,08-02-2024,Bengaluru,Eggs 6pcs,Snacks,1,85,85.0,71,,Cash,Standard,GroceryHub
1329,2024-04-18,Bengaluru,Potato 1kg,Fruits,1,85,85.0,73,4.2,Card,Standard,GroceryHub
1330,2024/04/08,Delhi,Chicken 1kg,grocery,4,60,240.0,86,4.5,Cash,standard,FarmFresh
1331,2024-04-09,Jaipur,Bun 2pcs,Grocery,two,80,320.0,51,4.5,UPI,standard,FarmFresh
1332,2024-03-19,Jaipur,Paneer 200g,Dairy,3,85,255.0,60,N/A,Card,Standard,FreshFarm
1333,26-04-2024,delhi,Onion 1kg,Poultry,4,50,200.0,51,4.9,cash,express,GroceryHub
1334,2024/02/21,Banglore,Bun 2pcs,dairy,3,80,240.0,65,4.9,upi,express,BakeHouse
1335,2024/01/17,Mumbai,Apple 1kg,Snacks,5,85,425.0,51,4.2,Cash,standard,BakeHouse
1336,18-01-2024,Bengaluru,Onion 1kg,grocery,5,80,400.0,85,4.8,cash,express,GroceryHub
1337,17-02-2024,delhi,Rice 1kg,Snacks,,,,35,N/A,Card,express,BakeHouse
1338,2024-04-12,Delhi,Tomato 1kg,Dairy,3,45,135.0,31,4.5,UPI,Standard,FreshFarm
1339,2024-05-27,Mumbai,Orange 1kg,Fruits,2,60,120.0,55,4.0,UPI,Standard,GreenCart
1340,03-04-2024,Banglore,Chips 200g,Dairy,1,70,70.0,46,4.7,Cash,standard,BakeHouse
1341,23-02-2024,Delhi,Tomato 1kg,grocery,two,100,100.0,51,4.7,Card,Express,FarmFresh
1342,2024/05/22,Delhi,Potato 1kg,Bakery,,30,60.0,30,4.7,UPI,standard,BakeHouse
1343,2024-06-13,Bengaluru,Chips 200g,Vegetables,,45,135.0,31,N/A,cash,Standard,FreshFarm
1344,2024-03-09,delhi,Orange 1kg,Fruits,two,70,210.0,60,4.9,Cash,Standard,GreenCart
1345,2024-06-08,Banglore,Banana 1dozen,dairy,,60,120.0,88,4.5,upi,Standard,GreenCart
1346,23-01-2024,Mumbai,Bun 2pcs,Bakery,5,85,425.0,47,4.0,UPI,express,SnackBox
1347,2024/04/16,Bengaluru,Cookies 300g,grocery,two,70,280.0,38,3.5,upi,standard,GreenCart
1348,08-04-2024,Delhi,Eggs 6pcs,Vegetables,,70,350.0,40,4.9,Card,Standard,GroceryHub
1349,2024/02/05,Mumbai,Cake 500g,Dairy,4,40,160.0,37,4.8,Card,Express,GroceryHub
1350,2024-02-04,Pune,Curd 500g,Vegetables,1,40,40.0,47,3.5,upi,standard,GreenCart
1351,2024-04-04,Mumbai,Wheat Flour 1kg,Vegetables,5,30,150.0,79,4.2,UPI,Express,GreenCart
1352,08-02-2024,Bengaluru,Sugar 1kg,grocery,2,30,60.0,52,4.0,Cash,express,FreshFarm
1353,2024-02-03,Banglore,Sugar 1kg,Bakery,4,80,320.0,80,4.7,Card,Standard,GroceryHub
1354,2024-04-14,Bengaluru,Paneer 200g,dairy,5,45,225.0,65,4.9,cash,express,FarmFresh
1355,2024-06-07,Pune,Eggs 6pcs,Dairy,two,70,280.0,47,4.7,Cash,Standard,BakeHouse
1356,2024-03-07,Banglore,Onion 1kg,Dairy,1,50,50.0,26,4.9,Cash,Express,GroceryHub
1357,2024-05-14,Pune,Paneer 200g,Snacks,2,80,160.0,76,4.5,upi,Standard,FreshFarm
1358,15-01-2024,Jaipur,Bread 400g,Snacks,5,55,275.0,74,4.9,Cash,standard,BakeHouse
1359,16-05-2024,delhi,Wheat Flour 1kg,Grocery,3,45,135.0,72,4.9,Cash,standard,FarmFresh
1360,2024-02-10,Delhi,Tomato 1kg,Dairy,3,30,90.0,73,4.0,UPI,Standard,BakeHouse
1361,28-04-2024,Delhi,Paneer 200g,Fruits,4,80,320.0,77,4.9,UPI,Standard,FreshFarm
1362,15-01-2024,Pune,Apple 1kg,Bakery,5,,,35,4.2,UPI,Standard,FarmFresh
1363,2024/06/06,Jaipur,Paneer 200g,Fruits,,70,140.0,62,4.7,cash,standard,FarmFresh
1364,2024-04-15,Delhi,Bread 400g,Fruits,3,70,210.0,42,3.5,Cash,Standard,GreenCart
1365,2024/06/22,Delhi,Namkeen 500g,Fruits,3,60,180.0,64,4.5,cash,express,GreenCart
1366,29-02-2024,Bengaluru,Bread 400g,Dairy,2,55,110.0,78,3.5,upi,standard,SnackBox
1367,2024-05-26,Delhi,Cake 500g,Grocery,2,50,100.0,67,,UPI,Express,FreshFarm
1368,2024/05/05,Bengaluru,Cake 500g,Dairy,5,50,250.0,74,4.5,Card,standard,FarmFresh
1369,2024/02/28,Mumbai,Rice 1kg,grocery,two,30,30.0,52,4.9,Card,Standard,FarmFresh
1370,2024/04/13,Jaipur,Onion 1kg,Vegetables,two,40,40.0,50,,cash,express,GroceryHub
1371,2024-05-19,delhi,Chips 200g,Dairy,1,80,80.0,48,3.5,upi,standard,SnackBox
1372,2024-04-14,Mumbai,Cookies 300g,Fruits,,,,83,4.2,Cash,standard,FreshFarm
1373,2024-05-24,Delhi,Milk 1L,Grocery,4,,,63,4.2,Card,Express,GroceryHub
1374,14-03-2024,delhi,Cookies 300g,Poultry,3,55,165.0,59,4.8,Card,standard,FarmFresh
1375,2024-05-27,Delhi,Apple 1kg,Poultry,two,45,225.0,60,3.5,UPI,Express,GreenCart
1376,2024/05/29,Pune,Onion 1kg,Vegetables,,40,200.0,66,4.0,upi,standard,GreenCart
1377,2024/02/13,Mumbai,Eggs 6pcs,Fruits,5,70,350.0,40,,upi,Express,GroceryHub
1378,2024-04-18,Pune,Orange 1kg,Snacks,4,55,220.0,29,4.2,Card,express,FreshFarm
1379,2024-03-16,Pune,Eggs 6pcs,dairy,two,40,120.0,25,,upi,Express,SnackBox
1380,2024/01/17,delhi,Namkeen 500g,Vegetables,5,85,425.0,54,4.8,cash,Standard,GroceryHub
1381,2024/01/01,Mumbai,Cookies 300g,Fruits,3,40,120.0,83,4.7,Cash,standard,GroceryHub
1382,2024/02/05,Bengaluru,Milk 1L,Snacks,1,55,55.0,37,4.7,Card,standard,GreenCart
1383,19-04-2024,Bengaluru,Cookies 300g,Dairy,,55,110.0,42,4.7,Card,Standard,FreshFarm
1384,28-03-2024,Jaipur,Potato 1kg,Poultry,2,60,120.0,86,4.0,Card,Standard,FreshFarm
1385,2024/04/23,delhi,Cake 500g,Snacks,4,40,160.0,88,,Cash,standard,FreshFarm
1386,19-04-2024,Jaipur,Milk 1L,Snacks,two,45,90.0,43,4.0,Card,Express,GroceryHub
1387,14-02-2024,Mumbai,Sugar 1kg,Vegetables,2,70,140.0,63,,Cash,standard,GroceryHub
1388,2024-01-01,Delhi,Eggs 6pcs,Vegetables,1,55,55.0,34,4.2,Card,Standard,FreshFarm
1389,04-06-2024,delhi,Tomato 1kg,Fruits,,80,240.0,31,3.5,Card,Standard,SnackBox
1390,2024-01-10,Jaipur,Rice 1kg,grocery,1,40,40.0,77,,Card,Express,GreenCart
1391,18-05-2024,Delhi,Tomato 1kg,Dairy,,80,320.0,53,,Cash,Express,SnackBox
1392,2024-06-22,delhi,Cookies 300g,Grocery,1,70,70.0,67,4.0,Cash,Express,GreenCart
1393,21-05-2024,Jaipur,Tomato 1kg,Dairy,4,,,30,N/A,Card,Express,GreenCart
1394,2024-01-10,Delhi,Apple 1kg,Vegetables,,85,340.0,67,,cash,standard,GroceryHub
1395,15-06-2024,delhi,Bun 2pcs,dairy,4,55,220.0,82,4.5,cash,standard,SnackBox
1396,07-03-2024,Mumbai,Tomato 1kg,Snacks,,45,225.0,58,4.7,cash,express,SnackBox
1397,2024/06/17,Mumbai,Namkeen 500g,Grocery,,50,50.0,37,4.2,Cash,standard,BakeHouse
1398,2024/01/01,Pune,Tomato 1kg,Dairy,two,60,120.0,88,4.9,Cash,Express,FreshFarm
1399,2024-04-26,Delhi,Potato 1kg,Dairy,two,100,200.0,57,4.2,upi,standard,GreenCart
1400,25-06-2024,Delhi,Milk 1L,Poultry,1,40,40.0,68,N/A,Card,Express,BakeHouse
1401,2024-06-05,Pune,Sugar 1kg,Dairy,2,50,100.0,89,4.9,Cash,Express,FarmFresh
1402,11-05-2024,Delhi,Namkeen 500g,dairy,,70,350.0,45,N/A,cash,Express,GreenCart
1403,2024-02-09,Banglore,Potato 1kg,Vegetables,5,85,425.0,41,4.8,upi,Standard,GreenCart
1404,2024-05-18,Bengaluru,Banana 1dozen,Snacks,5,,,29,N/A,Cash,Standard,GroceryHub
1405,2024/05/28,Mumbai,Potato 1kg,dairy,3,55,165.0,85,4.0,UPI,Express,GroceryHub
1406,2024/04/18,Bengaluru,Bun 2pcs,Bakery,two,40,160.0,54,4.2,cash,standard,SnackBox
1407,07-05-2024,delhi,Paneer 200g,Grocery,4,45,180.0,44,,Cash,express,GreenCart
1408,2024/05/23,Banglore,Bun 2pcs,Snacks,3,100,300.0,64,4.2,Card,express,GreenCart
1409,2024/02/29,Mumbai,Chicken 1kg,dairy,two,55,110.0,53,4.0,cash,standard,GreenCart
1410,2024-04-16,delhi,Cake 500g,Dairy,two,30,120.0,32,4.0,upi,express,FarmFresh
1411,13-03-2024,Jaipur,Bread 400g,Vegetables,1,80,80.0,35,4.2,UPI,Standard,GreenCart
1412,03-02-2024,Banglore,Namkeen 500g,Vegetables,two,80,320.0,31,4.7,Cash,Express,GreenCart
1413,2024/05/16,Delhi,Orange 1kg,Dairy,two,40,40.0,29,3.5,Card,express,FarmFresh
1414,19-05-2024,Bengaluru,Paneer 200g,Dairy,3,55,165.0,48,4.7,Cash,Express,BakeHouse
1415,2024/03/21,Mumbai,Rice 1kg,Vegetables,4,100,400.0,31,,UPI,Express,FarmFresh
1416,2024/02/24,Delhi,Tomato 1kg,Dairy,4,40,160.0,69,4.8,UPI,Standard,BakeHouse
1417,2024/04/30,delhi,Rice 1kg,Dairy,1,80,80.0,80,4.2,UPI,standard,BakeHouse
1418,01-05-2024,Delhi,Eggs 6pcs,Fruits,,70,140.0,25,3.5,UPI,Express,SnackBox
1419,2024-01-26,Mumbai,Eggs 6pcs,dairy,,45,90.0,59,4.2,upi,Express,SnackBox
1420,29-05-2024,Delhi,Sugar 1kg,grocery,3,30,90.0,81,4.8,upi,Express,FarmFresh
1421,2024-05-26,Pune,Orange 1kg,Vegetables,two,100,500.0,44,4.0,cash,standard,GroceryHub
1422,2024/01/30,Banglore,Curd 500g,Vegetables,two,,,35,N/A,cash,Express,FarmFresh
1423,13-01-2024,Banglore,Milk 1L,Vegetables,2,50,100.0,31,4.8,Cash,Express,GreenCart
1424,20-01-2024,Pune,Onion 1kg,Dairy,,70,140.0,88,4.9,cash,standard,SnackBox
1425,2024/04/30,Mumbai,Cookies 300g,Vegetables,3,60,180.0,53,N/A,Cash,Standard,GreenCart
1426,2024/02/25,Bengaluru,Namkeen 500g,grocery,two,55,275.0,57,4.2,upi,Standard,FreshFarm
1427,2024-06-29,Bengaluru,Chicken 1kg,Snacks,4,70,280.0,68,4.0,cash,express,SnackBox
1428,24-03-2024,Jaipur,Rice 1kg,Bakery,,40,120.0,31,4.8,Cash,standard,GreenCart
1429,2024-03-11,delhi,Wheat Flour 1kg,grocery,2,70,140.0,81,4.7,upi,standard,SnackBox
1430,2024/02/24,Mumbai,Potato 1kg,grocery,3,,,68,4.0,cash,express,GroceryHub
1431,2024-05-13,Pune,Rice 1kg,dairy,3,55,165.0,86,4.8,cash,Express,SnackBox
1432,2024-03-16,Mumbai,Tomato 1kg,Snacks,4,30,120.0,51,3.5,Card,Standard,BakeHouse
1433,2024-04-25,delhi,Potato 1kg,Poultry,,60,300.0,60,N/A,UPI,Express,BakeHouse
1434,2024/02/08,Pune,Cake 500g,Snacks,,40,160.0,79,,Card,Express,BakeHouse
1435,2024-02-20,Bengaluru,Bread 400g,Grocery,5,50,250.0,88,4.8,cash,standard,GroceryHub
1436,16-02-2024,Banglore,Namkeen 500g,grocery,1,60,60.0,90,,cash,Express,GroceryHub
1437,2024/05/28,Delhi,Onion 1kg,Snacks,5,55,275.0,44,4.5,cash,Express,SnackBox
1438,2024-05-13,Mumbai,Apple 1kg,grocery,4,70,280.0,65,3.5,Card,standard,GreenCart
1439,17-04-2024,Jaipur,Potato 1kg,Poultry,3,45,135.0,41,4.8,cash,Express,SnackBox
1440,2024-02-03,Banglore,Tomato 1kg,Bakery,3,,,33,4.8,cash,Standard,FarmFresh
1441,2024-05-12,Jaipur,Chicken 1kg,Dairy,4,50,200.0,25,4.2,cash,standard,GroceryHub
1442,07-03-2024,Bengaluru,Tomato 1kg,grocery,3,40,120.0,74,4.9,UPI,Express,FarmFresh
1443,2024/06/06,Jaipur,Eggs 6pcs,grocery,1,100,100.0,64,N/A,upi,Standard,GreenCart
1444,2024-06-13,Mumbai,Rice 1kg,Snacks,1,85,85.0,50,N/A,cash,express,FarmFresh
1445,03-06-2024,delhi,Potato 1kg,Poultry,3,80,240.0,74,N/A,UPI,express,GreenCart
1446,2024-06-11,Delhi,Cookies 300g,dairy,two,55,220.0,77,4.8,Cash,Standard,FreshFarm
1447,2024/05/14,Jaipur,Namkeen 500g,Snacks,4,30,120.0,88,N/A,upi,Express,GroceryHub
1448,2024-02-03,Delhi,Onion 1kg,Poultry,4,40,160.0,74,4.2,UPI,express,GreenCart
1449,13-04-2024,Bengaluru,Apple 1kg,grocery,,85,425.0,76,,Cash,Express,GroceryHub
1450,03-05-2024,Bengaluru,Cake 500g,grocery,5,85,425.0,38,4.9,UPI,Standard,BakeHouse
1451,26-02-2024,Bengaluru,Apple 1kg,Grocery,3,45,135.0,60,3.5,Cash,Standard,GroceryHub
1452,2024/01/25,Pune,Wheat Flour 1kg,Snacks,5,30,150.0,75,4.9,Card,Standard,SnackBox
1453,11-02-2024,Banglore,Bread 400g,Vegetables,5,80,400.0,74,N/A,UPI,express,SnackBox
1454,2024/05/12,Banglore,Curd 500g,Fruits,3,45,135.0,77,,UPI,standard,BakeHouse
1455,01-01-2024,Jaipur,Milk 1L,Bakery,1,85,85.0,61,3.5,UPI,express,GroceryHub
1456,2024-02-09,Delhi,Orange 1kg,Dairy,3,30,90.0,46,N/A,UPI,Express,BakeHouse
1457,2024/06/28,Mumbai,Onion 1kg,Snacks,4,55,220.0,39,4.9,upi,standard,GreenCart
1458,25-01-2024,delhi,Cake 500g,Bakery,5,45,225.0,84,4.7,Cash,standard,FreshFarm
1459,2024/01/26,Delhi,Bun 2pcs,Bakery,3,85,255.0,84,4.7,UPI,express,FreshFarm
1460,30-04-2024,Bengaluru,Bun 2pcs,Fruits,5,60,300.0,74,4.0,UPI,Express,FarmFresh
1461,18-02-2024,Delhi,Orange 1kg,Bakery,3,,,27,N/A,Card,Standard,GroceryHub
1462,15-02-2024,Bengaluru,Bun 2pcs,Vegetables,4,50,200.0,45,N/A,upi,standard,FarmFresh
1463,2024/06/27,Pune,Sugar 1kg,Vegetables,1,55,55.0,73,4.7,cash,Standard,GroceryHub
1464,11-02-2024,Delhi,Cake 500g,Vegetables,4,40,160.0,70,N/A,Cash,Standard,FarmFresh
1465,22-06-2024,delhi,Banana 1dozen,dairy,,30,150.0,88,,upi,Express,GroceryHub
1466,2024/01/17,Mumbai,Potato 1kg,dairy,5,30,150.0,85,4.9,UPI,Express,BakeHouse
1467,2024/04/29,Banglore,Sugar 1kg,Poultry,4,40,160.0,50,4.5,Cash,Standard,GreenCart
1468,2024-01-28,Jaipur,Chicken 1kg,Grocery,2,45,90.0,68,,Card,Express,BakeHouse
1469,01-03-2024,Delhi,Chips 200g,Poultry,5,,,28,N/A,upi,Standard,FarmFresh
1470,2024/03/13,Pune,Curd 500g,Bakery,two,50,150.0,84,3.5,Cash,standard,FreshFarm
1471,2024/01/02,Jaipur,Tomato 1kg,Grocery,,60,300.0,40,,upi,express,FreshFarm
1472,11-02-2024,Jaipur,Curd 500g,grocery,two,40,120.0,30,4.2,cash,Express,FreshFarm
1473,2024-04-14,Bengaluru,Wheat Flour 1kg,Dairy,1,45,45.0,87,4.2,UPI,express,GreenCart
1474,2024/01/24,Banglore,Sugar 1kg,grocery,2,60,120.0,47,4.2,upi,Standard,SnackBox
1475,2024-05-19,Mumbai,Bun 2pcs,dairy,5,70,350.0,67,4.7,UPI,Standard,SnackBox
1476,2024-05-18,Pune,Milk 1L,Bakery,3,70,210.0,34,4.0,upi,Express,FreshFarm
1477,2024/02/24,Bengaluru,Banana 1dozen,Snacks,,60,180.0,55,4.2,upi,express,GreenCart
1478,2024-01-23,Banglore,Orange 1kg,Poultry,2,55,110.0,25,4.2,cash,Express,FarmFresh
1479,24-04-2024,Delhi,Wheat Flour 1kg,Grocery,,60,300.0,39,4.8,Cash,Standard,FreshFarm
1480,2024-02-23,Jaipur,Chicken 1kg,Bakery,4,80,320.0,27,4.5,Cash,Standard,GroceryHub
1481,2024-04-22,Pune,Eggs 6pcs,Bakery,2,100,200.0,86,3.5,cash,Express,FreshFarm
1482,2024-05-24,Delhi,Cookies 300g,Snacks,,100,400.0,30,4.2,UPI,Standard,GroceryHub
1483,04-02-2024,Pune,Chicken 1kg,Snacks,2,70,140.0,63,3.5,UPI,Standard,FreshFarm
1484,2024-02-22,Bengaluru,Milk 1L,Vegetables,two,45,180.0,32,4.5,Card,standard,SnackBox
1485,18-05-2024,Jaipur,Wheat Flour 1kg,Snacks,5,80,400.0,59,N/A,UPI,express,GreenCart
1486,2024-04-15,Delhi,Chicken 1kg,grocery,,100,400.0,71,4.0,UPI,express,BakeHouse
1487,2024-04-20,Delhi,Chicken 1kg,grocery,2,100,200.0,68,4.9,Cash,Express,FreshFarm
1488,2024/04/07,delhi,Chips 200g,Grocery,1,60,60.0,57,4.5,upi,Standard,FreshFarm
1489,2024-02-13,Bengaluru,Tomato 1kg,Dairy,1,70,70.0,41,4.9,upi,express,SnackBox
1490,2024/05/16,Mumbai,Tomato 1kg,Grocery,4,85,340.0,50,4.7,Cash,standard,BakeHouse
1491,2024-06-25,Pune,Curd 500g,Fruits,1,80,80.0,88,N/A,Card,Express,FarmFresh
1492,24-02-2024,Delhi,Paneer 200g,dairy,5,55,275.0,82,4.2,Cash,Express,FreshFarm
1493,2024/01/07,Banglore,Eggs 6pcs,Grocery,1,45,45.0,46,4.7,Cash,standard,GreenCart
1494,24-03-2024,Pune,Wheat Flour 1kg,Snacks,,85,255.0,30,4.0,UPI,Standard,SnackBox
1495,12-06-2024,delhi,Cake 500g,Poultry,4,50,200.0,41,,Card,Express,GreenCart
1496,2024-06-21,Jaipur,Sugar 1kg,Grocery,5,100,500.0,47,,upi,standard,FreshFarm
1497,11-05-2024,Pune,Namkeen 500g,Fruits,2,50,100.0,81,4.2,cash,standard,BakeHouse
1498,10-05-2024,Banglore,Chips 200g,Bakery,3,50,150.0,26,4.0,Cash,express,FarmFresh
1499,18-06-2024,Mumbai,Rice 1kg,grocery,,30,30.0,65,4.9,cash,Standard,GroceryHub
1500,2024-01-11,Banglore,Curd 500g,dairy,,30,60.0,85,,Cash,Standard,FreshFarm
1501,09-01-2024,Pune,Apple 1kg,dairy,,70,210.0,37,,Card,express,SnackBox
1502,2024-03-15,delhi,Orange 1kg,grocery,,70,70.0,68,4.7,Card,Standard,BakeHouse
1503,26-03-2024,Banglore,Chips 200g,Vegetables,3,,,45,,Cash,Standard,GreenCart
1504,2024-02-06,Mumbai,Rice 1kg,Poultry,,50,150.0,41,4.2,cash,Standard,GroceryHub
1505,2024/04/26,delhi,Orange 1kg,dairy,,60,120.0,53,3.5,UPI,standard,GroceryHub
1506,2024/05/24,delhi,Potato 1kg,dairy,two,80,160.0,55,N/A,Card,Express,GroceryHub
1507,2024/06/14,Pune,Orange 1kg,Fruits,3,45,135.0,53,4.7,upi,Express,FreshFarm
1508,2024-02-18,Delhi,Apple 1kg,Vegetables,5,70,350.0,33,4.2,upi,standard,GroceryHub
1509,2024-01-19,Delhi,Onion 1kg,Poultry,4,85,340.0,54,4.8,Cash,Express,SnackBox
1510,05-01-2024,Banglore,Chicken 1kg,Grocery,5,60,300.0,71,N/A,Cash,express,SnackBox
1511,2024/02/11,Pune,Curd 500g,Snacks,5,70,350.0,36,,UPI,Express,FreshFarm
1512,2024/01/27,Banglore,Eggs 6pcs,Dairy,5,100,500.0,45,4.7,Cash,Express,GreenCart
1513,2024/05/02,Delhi,Rice 1kg,grocery,5,45,225.0,58,4.8,Cash,express,FarmFresh
1514,28-06-2024,Jaipur,Milk 1L,Snacks,4,80,320.0,50,4.2,upi,express,BakeHouse
1515,20-02-2024,Jaipur,Chips 200g,Fruits,5,100,500.0,41,3.5,Card,express,BakeHouse
1516,2024-05-31,delhi,Potato 1kg,Snacks,4,55,220.0,79,4.0,UPI,Express,SnackBox
1517,01-04-2024,delhi,Eggs 6pcs,Bakery,2,55,110.0,46,4.8,cash,standard,BakeHouse
1518,11-06-2024,Mumbai,Bread 400g,Dairy,1,30,30.0,47,4.2,Card,Standard,FarmFresh
1519,10-02-2024,Delhi,Chips 200g,Vegetables,two,85,340.0,86,4.9,UPI,standard,GroceryHub
1520,2024-02-29,delhi,Onion 1kg,Snacks,2,100,200.0,32,N/A,Cash,Standard,GreenCart
1521,2024/04/07,Banglore,Chips 200g,Poultry,2,50,100.0,60,4.0,upi,standard,GroceryHub
1522,28-04-2024,Jaipur,Bun 2pcs,Dairy,4,30,120.0,64,4.7,Cash,standard,FreshFarm
1523,20-05-2024,Delhi,Eggs 6pcs,Grocery,1,80,80.0,85,3.5,UPI,standard,GroceryHub
1524,2024/03/02,Mumbai,Apple 1kg,grocery,1,70,70.0,41,3.5,cash,standard,SnackBox
1525,26-03-2024,Mumbai,Tomato 1kg,Bakery,two,30,90.0,45,4.5,upi,Standard,BakeHouse
1526,2024/04/21,Banglore,Bun 2pcs,Bakery,2,,,70,,upi,Standard,FreshFarm
1527,05-05-2024,Banglore,Bread 400g,Dairy,4,45,180.0,57,,cash,express,GroceryHub
1528,03-06-2024,Banglore,Curd 500g,Vegetables,5,30,150.0,89,4.7,cash,Standard,FarmFresh
1529,2024-04-19,Mumbai,Sugar 1kg,grocery,2,55,110.0,79,4.5,Card,standard,GreenCart
1530,11-06-2024,Bengaluru,Bun 2pcs,Snacks,two,80,160.0,49,3.5,upi,Standard,SnackBox
1531,12-01-2024,Jaipur,Sugar 1kg,Fruits,two,30,120.0,27,,upi,Standard,FreshFarm
1532,2024/06/11,Banglore,Tomato 1kg,Grocery,3,45,135.0,31,4.0,Card,Express,GroceryHub
1533,2024-03-30,delhi,Cookies 300g,Dairy,2,30,60.0,41,N/A,cash,express,FarmFresh
1534,21-01-2024,Mumbai,Onion 1kg,dairy,2,85,170.0,28,4.2,upi,Standard,GroceryHub
1535,2024/03/17,Jaipur,Bun 2pcs,Snacks,,60,300.0,26,4.2,UPI,Express,GroceryHub
1536,22-06-2024,Mumbai,Tomato 1kg,Bakery,5,30,150.0,25,4.0,Card,express,BakeHouse
1537,2024-04-05,Delhi,Sugar 1kg,Vegetables,,,,39,N/A,upi,express,FarmFresh
1538,2024-02-28,Jaipur,Potato 1kg,Snacks,2,50,100.0,59,N/A,Card,Express,FarmFresh
1539,2024-01-10,Banglore,Wheat Flour 1kg,Snacks,2,40,80.0,77,,upi,standard,FreshFarm
1540,2024/04/10,Delhi,Banana 1dozen,Dairy,5,100,500.0,86,4.9,UPI,standard,FarmFresh
1541,2024/04/17,Delhi,Rice 1kg,Fruits,3,70,210.0,35,4.8,UPI,Standard,SnackBox
1542,29-04-2024,Bengaluru,Wheat Flour 1kg,Vegetables,4,55,220.0,45,4.8,UPI,standard,FarmFresh
1543,2024-04-12,Mumbai,Apple 1kg,dairy,3,45,135.0,66,3.5,cash,express,BakeHouse
1544,2024-03-25,Banglore,Chicken 1kg,dairy,2,60,120.0,60,4.5,UPI,Standard,BakeHouse
1545,2024/02/24,Delhi,Onion 1kg,Poultry,two,80,160.0,41,,cash,express,FarmFresh
1546,2024/03/05,Jaipur,Bread 400g,grocery,1,70,70.0,74,4.7,cash,Standard,GroceryHub
1547,05-04-2024,Delhi,Wheat Flour 1kg,grocery,,,,69,N/A,UPI,Standard,BakeHouse
1548,2024/05/15,Mumbai,Banana 1dozen,Fruits,4,30,120.0,90,4.8,cash,Standard,GreenCart
1549,30-04-2024,delhi,Banana 1dozen,Bakery,3,100,300.0,50,N/A,upi,Express,GreenCart
1550,2024-06-01,delhi,Cookies 300g,Poultry,3,100,300.0,66,4.9,upi,Standard,FarmFresh
1551,2024/03/20,Banglore,Apple 1kg,Snacks,1,,,72,N/A,Cash,Standard,FarmFresh
1552,2024-03-08,Delhi,Chicken 1kg,Grocery,2,45,90.0,82,4.0,Card,Standard,FarmFresh
1553,2024-06-19,Banglore,Bun 2pcs,Bakery,1,100,100.0,51,4.0,UPI,standard,FarmFresh
1554,19-04-2024,Delhi,Apple 1kg,Snacks,5,40,200.0,38,4.2,cash,Standard,BakeHouse
1555,2024/04/06,Mumbai,Orange 1kg,Poultry,two,80,240.0,84,4.2,cash,Standard,FarmFresh
1556,2024-06-17,Bengaluru,Paneer 200g,Dairy,2,45,90.0,35,4.5,Cash,standard,BakeHouse
1557,2024/06/03,Banglore,Potato 1kg,Vegetables,,80,320.0,72,,Cash,express,FarmFresh
1558,10-02-2024,Jaipur,Rice 1kg,dairy,,85,340.0,33,4.8,UPI,Standard,GreenCart
1559,12-02-2024,Pune,Bread 400g,Fruits,2,85,170.0,50,,UPI,express,GroceryHub
1560,2024/06/20,Jaipur,Cake 500g,Fruits,5,80,400.0,35,,cash,standard,FarmFresh
1561,2024-06-13,Pune,Orange 1kg,dairy,4,80,320.0,41,4.8,UPI,Express,GroceryHub
1562,2024-01-23,delhi,Potato 1kg,Snacks,2,50,100.0,87,4.8,upi,Express,FarmFresh
1563,2024-01-29,Pune,Chips 200g,dairy,2,50,100.0,90,4.5,Cash,express,GroceryHub
1564,20-02-2024,Mumbai,Curd 500g,Bakery,3,100,300.0,76,,Card,Standard,FreshFarm
1565,2024-03-17,Bengaluru,Tomato 1kg,grocery,4,30,120.0,59,4.2,UPI,standard,FarmFresh
1566,2024-02-14,Bengaluru,Bun 2pcs,Fruits,5,70,350.0,69,4.8,cash,Express,GreenCart
1567,14-03-2024,Banglore,Namkeen 500g,Dairy,,70,280.0,58,4.8,upi,Standard,BakeHouse
1568,2024/04/29,Jaipur,Milk 1L,Vegetables,5,40,200.0,27,4.7,cash,Express,SnackBox
1569,2024/01/14,Bengaluru,Onion 1kg,Poultry,2,80,160.0,38,4.5,Cash,Express,BakeHouse
1570,2024-03-27,Banglore,Wheat Flour 1kg,Fruits,5,,,63,,UPI,standard,FarmFresh
1571,2024/02/14,Pune,Chicken 1kg,Grocery,two,50,200.0,55,4.2,upi,Standard,GroceryHub
1572,27-05-2024,Delhi,Tomato 1kg,Grocery,,85,170.0,31,4.8,Card,standard,GreenCart
1573,2024/02/12,Banglore,Bread 400g,Grocery,2,50,100.0,30,N/A,Cash,standard,GroceryHub
1574,2024-02-17,Jaipur,Rice 1kg,grocery,4,80,320.0,44,4.0,cash,standard,GroceryHub
1575,2024-05-21,Banglore,Bread 400g,Bakery,1,100,100.0,54,4.8,Cash,standard,GreenCart
1576,08-01-2024,Bengaluru,Orange 1kg,Snacks,1,85,85.0,43,4.9,Card,Standard,GreenCart
1577,2024/04/22,Jaipur,Chicken 1kg,Poultry,5,,,70,4.2,upi,Standard,FreshFarm
1578,2024/03/01,Bengaluru,Cookies 300g,Vegetables,5,45,225.0,70,4.0,cash,express,SnackBox
1579,17-06-2024,Bengaluru,Cake 500g,Fruits,5,55,275.0,80,4.8,UPI,Standard,FarmFresh
1580,2024/03/24,Banglore,Eggs 6pcs,Grocery,2,60,120.0,38,N/A,cash,Standard,GroceryHub
1581,2024-06-14,Pune,Apple 1kg,Snacks,5,30,150.0,69,4.5,upi,Express,GreenCart
1582,2024/03/22,Delhi,Apple 1kg,Snacks,5,40,200.0,33,4.2,Card,express,GreenCart
1583,2024-05-07,Jaipur,Chicken 1kg,Poultry,two,40,120.0,61,4.0,cash,express,GreenCart
1584,2024/03/24,Mumbai,Namkeen 500g,Dairy,2,85,170.0,74,4.9,Cash,Express,SnackBox
1585,2024-04-18,Mumbai,Potato 1kg,dairy,two,80,80.0,29,3.5,Cash,Express,FreshFarm
1586,2024/02/02,Mumbai,Apple 1kg,Vegetables,,85,85.0,51,3.5,cash,Express,FarmFresh
1587,2024-05-16,Mumbai,Orange 1kg,Fruits,two,,,32,,Card,Express,GreenCart
1588,2024-03-05,Pune,Banana 1dozen,Dairy,3,55,165.0,45,4.8,upi,express,FreshFarm
1589,2024/03/15,Delhi,Chicken 1kg,grocery,1,80,80.0,68,4.5,UPI,standard,BakeHouse
1590,2024-04-21,Pune,Onion 1kg,Bakery,1,85,85.0,84,4.5,cash,Express,FreshFarm
1591,2024-05-06,Banglore,Chips 200g,Dairy,5,45,225.0,49,3.5,cash,Standard,GroceryHub
1592,2024-05-22,Bengaluru,Onion 1kg,dairy,3,70,210.0,40,,Cash,Standard,GreenCart
1593,23-03-2024,Jaipur,Potato 1kg,Bakery,4,50,200.0,60,3.5,UPI,Standard,BakeHouse
1594,2024/05/17,Mumbai,Chicken 1kg,Grocery,5,55,275.0,62,N/A,upi,Express,FarmFresh
1595,2024/05/30,Banglore,Tomato 1kg,Bakery,,30,60.0,65,3.5,upi,Standard,FreshFarm
1596,2024-03-30,delhi,Milk 1L,Poultry,2,,,42,4.9,Cash,Standard,GroceryHub
1597,13-02-2024,delhi,Eggs 6pcs,dairy,,40,80.0,81,4.5,Cash,Express,BakeHouse
1598,25-03-2024,Mumbai,Chicken 1kg,Poultry,two,45,45.0,28,4.5,cash,Standard,BakeHouse
1599,14-01-2024,Delhi,Orange 1kg,dairy,2,70,140.0,66,4.5,Card,Express,FarmFresh
1600,21-03-2024,Delhi,Apple 1kg,Dairy,1,60,60.0,38,,upi,express,FreshFarm
1601,08-01-2024,Bengaluru,Curd 500g,Snacks,1,40,40.0,61,N/A,UPI,standard,FreshFarm
1602,04-01-2024,delhi,Namkeen 500g,Fruits,2,100,200.0,71,3.5,upi,express,SnackBox
1603,07-06-2024,delhi,Bread 400g,Dairy,3,100,300.0,46,4.0,cash,Standard,GreenCart
1604,2024/04/01,Mumbai,Orange 1kg,Vegetables,two,85,340.0,62,4.0,UPI,express,BakeHouse
1605,18-05-2024,Banglore,Potato 1kg,Dairy,5,50,250.0,48,4.7,UPI,express,SnackBox
1606,2024/04/03,delhi,Bun 2pcs,Grocery,2,100,200.0,54,3.5,upi,Express,GreenCart
1607,2024-05-29,Mumbai,Bun 2pcs,Vegetables,1,100,100.0,40,4.2,upi,standard,GroceryHub
1608,2024-06-18,delhi,Cookies 300g,Snacks,1,100,100.0,83,4.8,cash,standard,FreshFarm
1609,2024-01-12,delhi,Orange 1kg,Poultry,1,30,30.0,60,4.9,UPI,Standard,FreshFarm
1610,2024/05/08,Delhi,Apple 1kg,Snacks,5,40,200.0,44,N/A,Cash,express,GreenCart
1611,2024-02-02,Pune,Paneer 200g,dairy,4,30,120.0,72,3.5,Cash,Standard,GroceryHub
1612,2024/05/19,Bengaluru,Wheat Flour 1kg,dairy,two,50,100.0,88,4.8,cash,Standard,FreshFarm
1613,02-04-2024,Delhi,Milk 1L,Poultry,2,70,140.0,52,,UPI,Express,GroceryHub
1614,2024-05-09,Delhi,Potato 1kg,Vegetables,two,85,85.0,83,N/A,Cash,Standard,SnackBox
1615,2024-01-03,Banglore,Cookies 300g,Snacks,2,80,160.0,54,4.7,Card,standard,FreshFarm
1616,2024-05-22,Pune,Banana 1dozen,Poultry,,30,60.0,27,4.8,UPI,express,BakeHouse
1617,2024-01-20,Bengaluru,Onion 1kg,dairy,3,40,120.0,65,4.8,Cash,express,BakeHouse
1618,2024-04-05,Jaipur,Cake 500g,grocery,1,50,50.0,76,N/A,Cash,express,BakeHouse
1619,2024-01-20,Delhi,Milk 1L,Dairy,1,100,100.0,54,4.5,UPI,Express,FreshFarm
1620,01-03-2024,Delhi,Apple 1kg,grocery,,80,80.0,82,4.8,cash,Standard,GroceryHub
1621,2024-02-20,Jaipur,Eggs 6pcs,Fruits,4,80,320.0,90,,Card,Express,GreenCart
1622,2024/03/13,Bengaluru,Bread 400g,Snacks,,45,135.0,83,3.5,Cash,Express,BakeHouse
1623,05-01-2024,Banglore,Namkeen 500g,Snacks,5,50,250.0,83,4.9,Card,standard,FreshFarm
1624,2024/01/27,Jaipur,Bread 400g,Snacks,2,40,80.0,45,4.7,upi,Standard,SnackBox
1625,2024-06-10,Delhi,Bread 400g,Vegetables,,55,220.0,50,4.5,upi,standard,FreshFarm
1626,2024/05/14,Pune,Paneer 200g,dairy,5,100,500.0,61,4.0,upi,Standard,SnackBox
1627,2024/01/23,Banglore,Chicken 1kg,Vegetables,4,85,340.0,37,4.9,Card,express,GreenCart
1628,2024-02-01,Jaipur,Paneer 200g,Poultry,two,80,400.0,59,,Cash,Express,GreenCart
1629,2024/06/18,Banglore,Bun 2pcs,Grocery,5,,,72,4.9,UPI,Express,FreshFarm
1630,2024/03/02,Bengaluru,Wheat Flour 1kg,Snacks,5,100,500.0,33,4.5,upi,standard,GreenCart
1631,2024/01/15,Delhi,Orange 1kg,grocery,4,55,220.0,82,4.2,cash,Express,GreenCart
1632,2024/01/08,Bengaluru,Sugar 1kg,Grocery,,45,90.0,63,4.8,Card,express,GroceryHub
1633,2024/05/10,Delhi,Orange 1kg,Vegetables,3,70,210.0,83,4.8,Card,standard,BakeHouse
1634,2024/01/13,Bengaluru,Milk 1L,Vegetables,2,,,35,4.9,Cash,standard,FreshFarm
1635,2024-04-15,Pune,Tomato 1kg,Grocery,1,60,60.0,78,4.5,upi,Express,BakeHouse
1636,06-05-2024,Pune,Potato 1kg,Bakery,1,100,100.0,84,,upi,standard,GroceryHub
1637,2024/05/04,Pune,Chicken 1kg,Grocery,4,60,240.0,47,N/A,UPI,express,GreenCart
1638,2024/04/30,Bengaluru,Paneer 200g,grocery,,60,120.0,46,4.2,upi,Standard,BakeHouse
1639,2024-01-03,Banglore,Cake 500g,dairy,two,50,100.0,33,4.9,UPI,standard,FreshFarm
1640,2024/01/27,Bengaluru,Eggs 6pcs,Bakery,4,45,180.0,85,4.2,Card,Standard,SnackBox
1641,2024/04/24,Bengaluru,Paneer 200g,Dairy,1,30,30.0,38,4.8,cash,standard,BakeHouse
1642,16-05-2024,Delhi,Bread 400g,Fruits,4,70,280.0,48,3.5,cash,express,FarmFresh
1643,2024-02-09,Mumbai,Chips 200g,dairy,4,85,340.0,87,4.8,Cash,express,BakeHouse
1644,2024/03/17,Delhi,Chips 200g,Grocery,1,80,80.0,53,4.0,upi,Standard,BakeHouse
1645,30-05-2024,delhi,Bun 2pcs,Fruits,4,45,180.0,64,N/A,cash,Express,GreenCart
1646,2024-04-19,Bengaluru,Eggs 6pcs,grocery,3,,,58,4.0,upi,express,FarmFresh
1647,10-01-2024,Bengaluru,Wheat Flour 1kg,Vegetables,,50,250.0,34,4.9,Cash,Standard,GroceryHub
1648,2024-02-17,Banglore,Bun 2pcs,Grocery,3,70,210.0,57,,upi,Express,SnackBox
1649,2024/01/11,delhi,Banana 1dozen,Vegetables,,,,72,3.5,Card,Express,FreshFarm
1650,2024-02-06,Delhi,Milk 1L,Snacks,two,80,240.0,84,4.5,Card,express,SnackBox
1651,2024-04-15,Banglore,Apple 1kg,Dairy,two,100,400.0,56,4.5,cash,Standard,SnackBox
1652,2024-02-05,Delhi,Curd 500g,Grocery,2,40,80.0,90,,Cash,express,FarmFresh
1653,19-02-2024,Pune,Cake 500g,dairy,two,50,200.0,81,,UPI,Standard,GroceryHub
1654,2024/02/09,Jaipur,Orange 1kg,grocery,2,50,100.0,76,4.7,UPI,express,FarmFresh
1655,2024-05-21,Bengaluru,Banana 1dozen,Fruits,3,,,32,3.5,upi,standard,FarmFresh
1656,2024-03-22,Jaipur,Sugar 1kg,dairy,1,50,50.0,65,4.0,Card,express,BakeHouse
1657,07-02-2024,Banglore,Namkeen 500g,Poultry,,55,220.0,59,4.9,UPI,Express,FreshFarm
1658,2024-01-22,Pune,Eggs 6pcs,Dairy,4,70,280.0,47,4.0,cash,standard,GroceryHub
1659,2024/04/03,Banglore,Bun 2pcs,Vegetables,,70,70.0,66,4.5,cash,express,FarmFresh
1660,2024/04/05,Pune,Paneer 200g,Vegetables,4,100,400.0,27,4.5,UPI,express,GreenCart
1661,2024/06/04,delhi,Namkeen 500g,Dairy,,45,90.0,60,N/A,UPI,Standard,FreshFarm
1662,2024/02/04,Delhi,Paneer 200g,Grocery,two,70,140.0,38,3.5,cash,Express,FreshFarm
1663,29-04-2024,Mumbai,Onion 1kg,grocery,1,60,60.0,68,4.5,Cash,Express,GroceryHub
1664,2024/03/31,Banglore,Bread 400g,Grocery,2,70,140.0,78,4.2,Card,express,GreenCart
1665,24-04-2024,Pune,Banana 1dozen,Vegetables,two,100,500.0,36,4.0,UPI,Express,GroceryHub
1666,2024-05-10,Pune,Apple 1kg,Grocery,two,40,120.0,25,,Card,express,GreenCart
1667,2024-06-09,Delhi,Milk 1L,Fruits,4,55,220.0,60,3.5,Card,Standard,GreenCart
1668,2024/03/14,Bengaluru,Cookies 300g,Poultry,2,85,170.0,35,4.9,Card,express,GroceryHub
1669,06-05-2024,Jaipur,Potato 1kg,grocery,5,55,275.0,68,4.2,cash,Standard,FreshFarm
1670,2024/02/04,Banglore,Bun 2pcs,Dairy,1,100,100.0,33,4.0,Card,Standard,BakeHouse
1671,2024/03/02,Banglore,Bread 400g,Snacks,3,70,210.0,86,4.7,UPI,standard,BakeHouse
1672,2024-04-16,Delhi,Cookies 300g,Fruits,3,55,165.0,52,3.5,UPI,standard,GreenCart
1673,23-06-2024,Banglore,Curd 500g,Vegetables,,55,110.0,61,N/A,upi,Express,BakeHouse
1674,30-04-2024,Bengaluru,Curd 500g,Dairy,3,80,240.0,31,4.9,upi,standard,FarmFresh
1675,2024-05-23,Pune,Potato 1kg,Bakery,,70,210.0,39,4.2,cash,Express,GreenCart
1676,22-01-2024,Pune,Bread 400g,grocery,5,30,150.0,45,N/A,UPI,Express,SnackBox
1677,31-01-2024,Delhi,Wheat Flour 1kg,Grocery,two,30,90.0,49,4.0,UPI,Standard,FreshFarm
1678,2024-06-08,Jaipur,Chips 200g,grocery,3,40,120.0,51,4.8,UPI,Express,SnackBox
1679,11-05-2024,Delhi,Orange 1kg,Vegetables,2,70,140.0,83,4.9,Card,standard,FarmFresh
1680,2024/02/19,Jaipur,Bun 2pcs,Dairy,5,30,150.0,64,4.2,UPI,standard,GroceryHub
1681,2024/05/22,Banglore,Bread 400g,grocery,3,85,255.0,40,N/A,UPI,standard,SnackBox
1682,17-05-2024,delhi,Wheat Flour 1kg,Grocery,two,70,70.0,34,4.0,cash,Express,BakeHouse
1683,06-06-2024,Banglore,Namkeen 500g,Bakery,1,50,50.0,30,4.2,Card,standard,GreenCart
1684,25-05-2024,delhi,Potato 1kg,Vegetables,2,60,120.0,84,4.5,UPI,Express,BakeHouse
1685,24-01-2024,Pune,Onion 1kg,Fruits,4,85,340.0,25,4.9,UPI,standard,FarmFresh
1686,2024-06-25,Bengaluru,Milk 1L,grocery,,100,400.0,49,N/A,Cash,Express,BakeHouse
1687,22-06-2024,Jaipur,Paneer 200g,Snacks,5,45,225.0,34,3.5,UPI,Standard,BakeHouse
1688,2024-05-16,Mumbai,Namkeen 500g,Poultry,1,40,40.0,33,,cash,Express,GreenCart
1689,2024-02-25,delhi,Eggs 6pcs,Fruits,4,50,200.0,76,4.8,Cash,Standard,GroceryHub
1690,2024/05/05,Mumbai,Orange 1kg,Bakery,,60,240.0,85,4.9,Card,Express,FarmFresh
1691,2024/02/06,Jaipur,Chips 200g,Grocery,4,85,340.0,64,N/A,cash,standard,GroceryHub
1692,2024/06/26,Delhi,Chicken 1kg,Poultry,3,100,300.0,73,4.7,Card,Standard,FreshFarm
1693,2024-03-31,delhi,Cookies 300g,Snacks,1,,,60,4.2,upi,express,FreshFarm
1694,2024-06-05,Jaipur,Bread 400g,Fruits,2,100,200.0,47,4.8,upi,standard,BakeHouse
1695,2024-03-30,Mumbai,Namkeen 500g,Dairy,4,45,180.0,74,4.2,Cash,Express,FreshFarm
1696,2024/03/08,delhi,Milk 1L,Vegetables,2,60,120.0,34,4.5,UPI,standard,GreenCart
1697,08-06-2024,Mumbai,Bun 2pcs,Vegetables,4,70,280.0,42,4.0,Cash,Standard,SnackBox
1698,2024-06-20,Delhi,Cookies 300g,Vegetables,,60,120.0,52,4.5,upi,Standard,SnackBox
1699,2024-04-18,Pune,Bread 400g,dairy,4,60,240.0,25,4.0,cash,Standard,FarmFresh
1700,2024/01/28,delhi,Chips 200g,Bakery,,80,320.0,89,4.7,UPI,Standard,GreenCart
1701,2024-04-06,Pune,Onion 1kg,Dairy,two,30,60.0,88,4.0,upi,Standard,FarmFresh
1702,04-06-2024,Banglore,Banana 1dozen,Vegetables,5,100,500.0,75,4.2,upi,Express,BakeHouse
1703,2024/03/08,Delhi,Banana 1dozen,Snacks,,70,70.0,69,4.7,cash,express,SnackBox
1704,2024-05-30,Bengaluru,Orange 1kg,Dairy,3,85,255.0,72,4.7,UPI,standard,FreshFarm
1705,06-02-2024,Mumbai,Cookies 300g,Vegetables,2,40,80.0,81,,Cash,Standard,GreenCart
1706,2024/06/13,delhi,Chips 200g,grocery,1,80,80.0,38,4.8,cash,Standard,FarmFresh
1707,15-04-2024,Jaipur,Paneer 200g,Snacks,1,45,45.0,28,4.5,upi,Express,SnackBox
1708,2024/04/22,Delhi,Bun 2pcs,Vegetables,4,40,160.0,26,4.2,upi,standard,GreenCart
1709,2024/05/17,Mumbai,Onion 1kg,Poultry,,60,240.0,89,4.8,Card,express,SnackBox
1710,2024/05/22,Pune,Cake 500g,grocery,3,50,150.0,41,3.5,upi,express,FreshFarm
1711,2024/03/01,Mumbai,Orange 1kg,Poultry,4,50,200.0,73,4.7,Card,Express,GreenCart
1712,08-05-2024,Delhi,Wheat Flour 1kg,Vegetables,two,100,300.0,53,4.9,Card,express,FreshFarm
1713,2024-03-13,Bengaluru,Onion 1kg,Grocery,2,,,78,N/A,upi,Express,FarmFresh
1714,2024-03-14,Jaipur,Chicken 1kg,dairy,two,100,500.0,77,3.5,UPI,Express,GroceryHub
1715,2024/02/27,Delhi,Eggs 6pcs,Fruits,3,,,52,4.2,Cash,Express,FarmFresh
1716,2024-05-16,Delhi,Chips 200g,Fruits,4,100,400.0,39,4.7,upi,standard,FreshFarm
1717,2024/06/19,Banglore,Cake 500g,Poultry,3,60,180.0,83,3.5,cash,Express,FreshFarm
1718,2024-02-11,Bengaluru,Wheat Flour 1kg,dairy,5,60,300.0,68,4.8,UPI,Express,BakeHouse
1719,25-05-2024,Delhi,Rice 1kg,Fruits,3,80,240.0,67,4.9,cash,standard,FreshFarm
1720,01-06-2024,Bengaluru,Cake 500g,Vegetables,3,50,150.0,47,3.5,UPI,standard,FreshFarm
1721,2024-04-13,delhi,Banana 1dozen,Poultry,5,30,150.0,80,4.2,Cash,standard,FarmFresh
1722,08-03-2024,Jaipur,Onion 1kg,Poultry,5,55,275.0,59,4.0,upi,Standard,SnackBox
1723,04-06-2024,Pune,Bread 400g,Snacks,,50,50.0,79,4.8,UPI,Standard,GreenCart
1724,2024/03/26,delhi,Chips 200g,dairy,two,30,150.0,49,3.5,Cash,Express,FreshFarm
1725,2024/06/23,Bengaluru,Orange 1kg,Vegetables,3,70,210.0,41,4.8,upi,standard,GroceryHub
1726,2024-06-06,Banglore,Eggs 6pcs,Fruits,two,45,90.0,37,N/A,cash,standard,BakeHouse
1727,2024-02-26,Banglore,Chicken 1kg,Grocery,5,40,200.0,36,,upi,Express,BakeHouse
1728,2024/03/26,Bengaluru,Bread 400g,Snacks,two,60,60.0,27,4.7,upi,standard,GroceryHub
1729,2024/05/12,Delhi,Bun 2pcs,Poultry,,60,180.0,35,4.8,Cash,Standard,GroceryHub
1730,2024-01-10,Jaipur,Tomato 1kg,Poultry,3,85,255.0,61,3.5,upi,standard,BakeHouse
1731,2024/02/13,Delhi,Cake 500g,Grocery,5,60,300.0,31,N/A,UPI,Express,FarmFresh
1732,04-02-2024,Banglore,Chicken 1kg,Poultry,two,60,180.0,85,4.8,cash,Express,FarmFresh
1733,2024-03-18,Pune,Cake 500g,Grocery,2,85,170.0,34,,Cash,express,GroceryHub
1734,2024/03/07,Delhi,Milk 1L,dairy,5,85,425.0,55,4.9,UPI,Express,GreenCart
1735,27-03-2024,delhi,Chicken 1kg,Dairy,,50,100.0,90,4.2,Cash,Express,BakeHouse
1736,2024/03/24,Jaipur,Bun 2pcs,dairy,3,40,120.0,45,4.8,Cash,Standard,FreshFarm
1737,2024-06-19,Pune,Eggs 6pcs,Bakery,1,,,85,,Cash,express,FarmFresh
1738,2024-04-06,Bengaluru,Bun 2pcs,dairy,3,30,90.0,34,4.8,cash,standard,FarmFresh
1739,2024-06-15,Bengaluru,Onion 1kg,grocery,4,80,320.0,60,4.5,upi,express,GreenCart
1740,03-06-2024,Banglore,Tomato 1kg,grocery,,100,200.0,86,4.0,UPI,express,BakeHouse
1741,26-02-2024,delhi,Milk 1L,Snacks,5,100,500.0,77,,cash,Express,GreenCart
1742,2024-04-03,delhi,Onion 1kg,Grocery,5,30,150.0,28,4.8,upi,Express,FreshFarm
1743,22-04-2024,Jaipur,Onion 1kg,grocery,1,40,40.0,90,N/A,upi,express,GroceryHub
1744,2024/05/19,Delhi,Cookies 300g,dairy,5,100,500.0,43,4.7,UPI,express,FreshFarm
1745,13-05-2024,Pune,Potato 1kg,Poultry,1,100,100.0,28,4.0,upi,standard,GroceryHub
1746,15-04-2024,Banglore,Potato 1kg,Bakery,two,30,120.0,60,3.5,Cash,express,FreshFarm
1747,17-05-2024,Pune,Curd 500g,dairy,5,80,400.0,51,4.2,cash,Express,BakeHouse
1748,2024/03/08,Delhi,Namkeen 500g,Snacks,3,100,300.0,81,4.7,upi,Standard,FarmFresh
1749,2024/06/25,Bengaluru,Bread 400g,Vegetables,1,50,50.0,77,4.9,Card,express,FreshFarm
1750,2024/04/26,Jaipur,Curd 500g,grocery,,30,30.0,32,,UPI,standard,FarmFresh
1751,19-04-2024,Pune,Bun 2pcs,Grocery,,45,180.0,87,,UPI,Express,FreshFarm
1752,20-06-2024,Pune,Chips 200g,Grocery,2,50,100.0,27,4.7,UPI,standard,SnackBox
1753,2024-06-12,Jaipur,Curd 500g,Dairy,3,50,150.0,56,4.2,upi,standard,SnackBox
1754,2024-04-30,Delhi,Paneer 200g,Bakery,4,50,200.0,35,4.7,Cash,express,FreshFarm
1755,2024-05-17,Bengaluru,Potato 1kg,Snacks,3,40,120.0,66,4.9,upi,standard,GroceryHub
1756,16-05-2024,Banglore,Wheat Flour 1kg,Poultry,,60,300.0,56,4.7,Cash,standard,FreshFarm
1757,2024-06-03,Bengaluru,Bun 2pcs,Snacks,4,30,120.0,63,,upi,Express,GroceryHub
1758,2024-06-27,Pune,Potato 1kg,grocery,two,60,300.0,46,4.8,UPI,Express,BakeHouse
1759,10-02-2024,Jaipur,Cake 500g,Dairy,,45,135.0,78,4.7,UPI,express,SnackBox
1760,2024/03/04,delhi,Cake 500g,grocery,5,80,400.0,86,,Cash,express,GroceryHub
1761,06-04-2024,Delhi,Rice 1kg,grocery,5,45,225.0,51,,UPI,Standard,GroceryHub
1762,22-05-2024,Mumbai,Paneer 200g,Fruits,4,100,400.0,71,3.5,Cash,Standard,FreshFarm
1763,29-02-2024,Bengaluru,Rice 1kg,Grocery,2,30,60.0,66,4.7,cash,Standard,BakeHouse
1764,18-02-2024,Delhi,Tomato 1kg,Grocery,4,55,220.0,25,4.5,cash,standard,GroceryHub
1765,05-02-2024,Bengaluru,Chips 200g,Dairy,5,45,225.0,25,4.9,Cash,Express,SnackBox
1766,12-02-2024,Delhi,Chips 200g,Vegetables,two,100,200.0,63,N/A,cash,express,FreshFarm
1767,2024-05-21,Mumbai,Onion 1kg,Bakery,2,45,90.0,52,4.9,upi,express,SnackBox
1768,19-05-2024,Delhi,Namkeen 500g,dairy,4,70,280.0,42,4.0,Card,Standard,FarmFresh
1769,2024-04-14,Jaipur,Wheat Flour 1kg,dairy,1,50,50.0,82,4.7,Card,Express,GroceryHub
1770,2024/02/03,Bengaluru,Curd 500g,dairy,5,80,400.0,26,4.9,Card,Standard,FarmFresh
1771,2024-05-16,Pune,Potato 1kg,Vegetables,3,30,90.0,57,3.5,cash,Standard,GreenCart
1772,01-02-2024,delhi,Potato 1kg,Poultry,,80,400.0,36,,UPI,standard,FreshFarm
1773,2024-01-01,Delhi,Bun 2pcs,dairy,3,,,79,4.7,Cash,express,BakeHouse
1774,2024-03-24,Bengaluru,Curd 500g,Bakery,2,70,140.0,35,4.2,cash,Express,GroceryHub
1775,2024/06/17,delhi,Bun 2pcs,Poultry,,55,110.0,79,4.5,cash,standard,GreenCart
1776,18-04-2024,Mumbai,Paneer 200g,Vegetables,2,30,60.0,60,N/A,UPI,Express,FarmFresh
1777,2024/06/15,Jaipur,Curd 500g,Bakery,,60,300.0,76,4.9,Cash,Express,GroceryHub
1778,13-05-2024,Delhi,Bread 400g,Bakery,2,50,100.0,33,4.2,Card,Standard,GreenCart
1779,20-01-2024,Mumbai,Apple 1kg,dairy,2,,,29,N/A,upi,express,GroceryHub
1780,10-04-2024,Jaipur,Rice 1kg,Vegetables,,40,120.0,27,N/A,cash,Express,GroceryHub
1781,05-02-2024,Bengaluru,Namkeen 500g,Fruits,two,55,220.0,39,4.0,UPI,express,FarmFresh
1782,25-03-2024,Banglore,Chips 200g,Poultry,2,100,200.0,74,4.0,upi,Standard,SnackBox
1783,07-03-2024,Mumbai,Milk 1L,Grocery,4,55,220.0,78,N/A,upi,Standard,SnackBox
1784,16-04-2024,Banglore,Banana 1dozen,grocery,1,60,60.0,33,4.0,UPI,standard,GroceryHub
1785,2024-05-06,Bengaluru,Banana 1dozen,Fruits,3,40,120.0,29,,upi,Standard,SnackBox
1786,2024-06-19,Pune,Tomato 1kg,Fruits,5,70,350.0,88,4.5,Cash,Standard,GreenCart
1787,2024/01/02,Bengaluru,Banana 1dozen,Snacks,4,30,120.0,78,4.2,UPI,standard,GreenCart
1788,2024/03/22,Banglore,Cookies 300g,Poultry,3,80,240.0,78,,cash,Standard,FreshFarm
1789,2024/05/14,Pune,Chips 200g,Snacks,,60,300.0,81,,upi,express,GroceryHub
1790,13-02-2024,Jaipur,Rice 1kg,Bakery,2,,,80,4.5,UPI,Express,GreenCart
1791,2024/05/10,Banglore,Sugar 1kg,dairy,,45,180.0,45,,UPI,Express,FreshFarm
1792,13-05-2024,Pune,Tomato 1kg,Grocery,3,30,90.0,72,4.9,cash,standard,FreshFarm
1793,2024/06/01,Banglore,Potato 1kg,Bakery,1,40,40.0,28,,UPI,Express,GroceryHub
1794,2024-03-22,Delhi,Namkeen 500g,Vegetables,4,60,240.0,77,4.7,upi,Express,GreenCart
1795,18-02-2024,Delhi,Potato 1kg,Grocery,two,85,255.0,45,,cash,standard,GroceryHub
1796,2024/03/18,Jaipur,Milk 1L,Poultry,4,100,400.0,58,4.5,UPI,Express,FreshFarm
1797,2024/06/20,Delhi,Wheat Flour 1kg,Grocery,2,45,90.0,84,4.7,upi,express,SnackBox
1798,17-04-2024,Banglore,Namkeen 500g,Snacks,two,85,340.0,36,4.2,Cash,Express,SnackBox
1799,25-04-2024,Pune,Chicken 1kg,Grocery,,85,340.0,52,4.5,upi,Express,BakeHouse
1800,14-05-2024,Bengaluru,Chips 200g,Bakery,,30,60.0,31,4.7,upi,Express,FarmFresh
1801,2024-05-19,Mumbai,Chips 200g,Bakery,3,,,41,4.0,Card,standard,BakeHouse
1802,2024-06-19,Mumbai,Bun 2pcs,Grocery,two,30,60.0,57,,cash,standard,FreshFarm
1803,2024-01-16,Delhi,Cookies 300g,Poultry,,55,220.0,50,4.2,upi,express,BakeHouse
1804,26-05-2024,Banglore,Eggs 6pcs,Poultry,1,30,30.0,90,N/A,cash,express,BakeHouse
1805,22-05-2024,Bengaluru,Potato 1kg,Dairy,1,60,60.0,25,3.5,Cash,Express,BakeHouse
1806,04-06-2024,Delhi,Milk 1L,Vegetables,1,80,80.0,82,N/A,UPI,standard,GreenCart
1807,18-05-2024,Jaipur,Onion 1kg,Vegetables,,70,350.0,79,4.5,cash,express,FreshFarm
1808,11-04-2024,Pune,Chips 200g,grocery,2,100,200.0,63,4.9,upi,Express,FarmFresh
1809,2024/05/08,Pune,Cake 500g,Fruits,5,55,275.0,43,3.5,UPI,Express,GroceryHub
1810,28-06-2024,delhi,Paneer 200g,Grocery,two,80,160.0,40,4.0,cash,Standard,BakeHouse
1811,2024-03-21,delhi,Chips 200g,dairy,two,50,150.0,54,4.7,Cash,Standard,GreenCart
1812,03-05-2024,Jaipur,Apple 1kg,Snacks,5,85,425.0,35,4.2,upi,Express,GroceryHub
1813,2024-05-04,delhi,Potato 1kg,dairy,2,85,170.0,53,3.5,Card,Standard,GreenCart
1814,2024/04/18,Bengaluru,Cake 500g,Poultry,4,100,400.0,59,4.2,cash,express,SnackBox
1815,2024-01-17,Jaipur,Onion 1kg,Bakery,5,55,275.0,60,3.5,Card,standard,GroceryHub
1816,14-04-2024,Delhi,Eggs 6pcs,grocery,,60,180.0,51,4.2,Cash,express,GroceryHub
1817,2024/02/09,Banglore,Bread 400g,Fruits,2,30,60.0,79,4.5,Card,standard,SnackBox
1818,2024-05-01,Jaipur,Curd 500g,grocery,1,,,71,4.9,UPI,express,FreshFarm
1819,2024-05-22,Bengaluru,Tomato 1kg,Dairy,3,70,210.0,68,4.0,cash,standard,GreenCart
1820,12-06-2024,Mumbai,Rice 1kg,Grocery,1,80,80.0,28,4.5,upi,express,FarmFresh
1821,09-01-2024,Mumbai,Bread 400g,Snacks,5,80,400.0,56,4.0,cash,Standard,BakeHouse
1822,25-01-2024,Delhi,Banana 1dozen,grocery,1,100,100.0,46,,UPI,Standard,BakeHouse
1823,2024-05-05,Delhi,Apple 1kg,dairy,4,30,120.0,49,,cash,standard,FarmFresh
1824,2024-05-19,Pune,Bun 2pcs,Bakery,,30,150.0,85,4.8,Card,standard,GreenCart
1825,2024/01/20,delhi,Cake 500g,Fruits,3,85,255.0,62,4.7,upi,standard,FarmFresh
1826,2024-03-14,delhi,Tomato 1kg,Poultry,1,85,85.0,56,N/A,Card,Standard,FarmFresh
1827,2024/03/08,Jaipur,Eggs 6pcs,Vegetables,4,80,320.0,41,4.0,UPI,standard,GreenCart
1828,2024/05/21,Jaipur,Curd 500g,grocery,4,80,320.0,50,,upi,standard,SnackBox
1829,2024-02-09,delhi,Sugar 1kg,Grocery,1,45,45.0,53,4.7,cash,standard,FreshFarm
1830,2024/05/22,Banglore,Eggs 6pcs,dairy,5,,,69,,upi,Standard,SnackBox
1831,08-01-2024,Pune,Curd 500g,Poultry,1,,,69,4.0,UPI,express,GroceryHub
1832,23-01-2024,Delhi,Banana 1dozen,Bakery,1,70,70.0,78,4.0,upi,Express,FarmFresh
1833,2024-03-02,Mumbai,Eggs 6pcs,Dairy,1,,,77,,Card,Express,SnackBox
1834,2024/06/04,delhi,Eggs 6pcs,Fruits,1,55,55.0,56,,Cash,Standard,GreenCart
1835,2024/02/20,Pune,Banana 1dozen,Grocery,2,30,60.0,69,4.9,cash,standard,BakeHouse
1836,2024/02/10,Delhi,Bread 400g,dairy,5,80,400.0,37,4.0,upi,express,GroceryHub
1837,2024-04-05,Banglore,Bun 2pcs,Dairy,2,45,90.0,74,4.7,upi,Express,GreenCart
1838,2024/01/25,Jaipur,Cookies 300g,dairy,2,55,110.0,57,4.5,Card,standard,FreshFarm
1839,05-01-2024,Bengaluru,Chicken 1kg,Bakery,5,100,500.0,80,,upi,Standard,GreenCart
1840,2024/02/24,Jaipur,Eggs 6pcs,Vegetables,3,80,240.0,69,4.8,cash,Standard,BakeHouse
1841,2024-02-04,Mumbai,Tomato 1kg,Bakery,4,80,320.0,33,N/A,upi,express,FarmFresh
1842,2024/03/28,Banglore,Namkeen 500g,grocery,5,30,150.0,68,4.2,Cash,standard,GreenCart
1843,05-04-2024,Bengaluru,Potato 1kg,Snacks,1,70,70.0,82,4.8,upi,Express,SnackBox
1844,15-05-2024,Banglore,Milk 1L,grocery,5,30,150.0,67,,UPI,standard,GroceryHub
1845,07-01-2024,Pune,Bun 2pcs,Grocery,two,85,425.0,52,N/A,UPI,express,FreshFarm
1846,2024-02-19,Delhi,Milk 1L,Grocery,2,70,140.0,54,,Card,Express,GroceryHub
1847,2024-01-03,Mumbai,Apple 1kg,Dairy,5,85,425.0,87,4.8,Card,Express,FarmFresh
1848,2024/01/13,Banglore,Namkeen 500g,Snacks,4,45,180.0,44,3.5,UPI,Standard,FarmFresh
1849,20-03-2024,Bengaluru,Tomato 1kg,Snacks,4,45,180.0,33,,upi,Standard,FreshFarm
1850,2024-02-11,Bengaluru,Rice 1kg,Poultry,3,30,90.0,79,4.5,upi,Express,SnackBox
1851,2024-04-25,Jaipur,Chips 200g,Bakery,4,50,200.0,65,3.5,Cash,Standard,GreenCart
1852,03-02-2024,Banglore,Rice 1kg,dairy,1,45,45.0,65,,Card,standard,GroceryHub
1853,14-03-2024,Delhi,Cake 500g,Fruits,,45,135.0,73,4.8,cash,standard,SnackBox
1854,2024/03/01,Pune,Bun 2pcs,Bakery,two,85,255.0,60,4.0,Cash,Standard,FarmFresh
1855,14-06-2024,Banglore,Wheat Flour 1kg,dairy,3,,,54,4.9,cash,standard,FreshFarm
1856,15-01-2024,delhi,Chips 200g,Bakery,,40,160.0,87,4.8,cash,express,GreenCart
1857,19-05-2024,Jaipur,Tomato 1kg,Bakery,4,60,240.0,35,3.5,upi,standard,FarmFresh
1858,07-04-2024,Bengaluru,Eggs 6pcs,Poultry,2,45,90.0,90,N/A,Cash,Standard,SnackBox
1859,2024-03-01,Banglore,Cookies 300g,Poultry,,50,200.0,77,3.5,Cash,express,FarmFresh
1860,04-01-2024,delhi,Eggs 6pcs,Snacks,2,,,41,4.0,Cash,Standard,SnackBox
1861,2024-04-20,Bengaluru,Tomato 1kg,Poultry,,100,500.0,63,4.5,upi,Standard,SnackBox
1862,16-04-2024,Jaipur,Potato 1kg,Dairy,2,70,140.0,46,3.5,UPI,Express,FarmFresh
1863,2024-04-16,Jaipur,Tomato 1kg,Poultry,1,45,45.0,71,,upi,Standard,FreshFarm
1864,2024-06-20,Mumbai,Eggs 6pcs,Poultry,5,55,275.0,41,N/A,UPI,express,FreshFarm
1865,12-03-2024,delhi,Milk 1L,grocery,4,60,240.0,78,4.2,UPI,Express,FreshFarm
1866,25-05-2024,Pune,Eggs 6pcs,Poultry,1,45,45.0,54,N/A,Card,Express,FreshFarm
1867,2024/06/08,Mumbai,Cookies 300g,dairy,two,70,70.0,59,4.9,upi,express,FreshFarm
1868,2024-03-22,Banglore,Chicken 1kg,Grocery,,100,200.0,87,4.2,cash,Standard,GroceryHub
1869,28-03-2024,delhi,Rice 1kg,Vegetables,5,100,500.0,31,,UPI,Express,FarmFresh
1870,26-03-2024,Pune,Apple 1kg,Vegetables,2,50,100.0,26,4.0,upi,Express,GreenCart
1871,2024/03/02,Mumbai,Potato 1kg,dairy,2,60,120.0,27,4.7,Card,express,FarmFresh
1872,02-04-2024,Delhi,Apple 1kg,Dairy,3,80,240.0,66,4.7,cash,Express,FarmFresh
1873,12-03-2024,Jaipur,Milk 1L,grocery,5,80,400.0,34,4.2,Card,standard,BakeHouse
1874,12-03-2024,Delhi,Apple 1kg,Fruits,4,,,45,,Cash,Standard,FarmFresh
1875,2024-04-15,Mumbai,Wheat Flour 1kg,Bakery,4,85,340.0,66,N/A,cash,standard,GroceryHub
1876,2024-02-10,Pune,Onion 1kg,Grocery,1,55,55.0,48,4.0,cash,Express,BakeHouse
1877,2024-01-30,Mumbai,Chicken 1kg,dairy,4,70,280.0,30,4.7,Cash,standard,BakeHouse
1878,2024/05/16,Jaipur,Apple 1kg,Fruits,,85,255.0,86,4.9,cash,Standard,SnackBox
1879,18-04-2024,Pune,Paneer 200g,Vegetables,2,70,140.0,42,4.8,upi,Standard,GroceryHub
1880,2024/06/08,Bengaluru,Namkeen 500g,Dairy,5,85,425.0,82,4.2,Cash,Standard,GroceryHub
1881,2024-01-24,Pune,Bun 2pcs,Bakery,,100,500.0,51,4.8,Cash,Standard,FreshFarm
1882,2024/03/17,Mumbai,Cookies 300g,Vegetables,4,60,240.0,54,4.5,Card,Standard,FreshFarm
1883,2024-04-03,Delhi,Bread 400g,Dairy,2,55,110.0,79,,upi,Standard,GroceryHub
1884,02-04-2024,Bengaluru,Paneer 200g,Snacks,,50,250.0,61,4.9,upi,Express,FarmFresh
1885,02-03-2024,Banglore,Bread 400g,Bakery,4,55,220.0,27,4.2,Cash,express,FreshFarm
1886,2024-05-21,Delhi,Potato 1kg,grocery,2,60,120.0,33,4.5,cash,standard,BakeHouse
1887,2024-06-13,Delhi,Curd 500g,grocery,5,30,150.0,68,4.5,Card,express,GroceryHub
1888,2024/04/13,Jaipur,Onion 1kg,dairy,3,45,135.0,50,4.8,cash,express,GroceryHub
1889,30-01-2024,Banglore,Apple 1kg,Snacks,1,70,70.0,41,4.2,Card,Standard,FreshFarm
1890,2024-02-26,Pune,Sugar 1kg,Snacks,5,80,400.0,78,4.0,cash,Standard,GroceryHub
1891,2024-06-26,Jaipur,Cake 500g,Bakery,2,30,60.0,64,4.2,upi,Express,FarmFresh
1892,2024/04/18,delhi,Bread 400g,Fruits,2,60,120.0,27,N/A,upi,Express,BakeHouse
1893,09-04-2024,Pune,Namkeen 500g,Grocery,3,55,165.0,25,4.0,Card,standard,FarmFresh
1894,2024/05/06,Pune,Rice 1kg,Bakery,5,40,200.0,59,N/A,cash,Express,SnackBox
1895,2024-02-18,Bengaluru,Cake 500g,Fruits,two,85,425.0,88,4.7,cash,Standard,SnackBox
1896,2024/02/29,Mumbai,Cookies 300g,Dairy,,100,500.0,84,4.5,UPI,express,GroceryHub
1897,2024-01-26,Delhi,Bread 400g,Bakery,3,55,165.0,84,4.0,cash,standard,FarmFresh
1898,02-04-2024,delhi,Paneer 200g,grocery,5,80,400.0,58,N/A,cash,Standard,GroceryHub
1899,21-04-2024,Bengaluru,Bun 2pcs,Dairy,,55,110.0,26,N/A,cash,standard,BakeHouse
1900,10-02-2024,Delhi,Bread 400g,Dairy,5,55,275.0,54,,Card,standard,GroceryHub
1901,2024/04/16,Banglore,Apple 1kg,dairy,,85,255.0,69,4.9,UPI,Express,GreenCart
1902,2024/03/19,delhi,Milk 1L,Grocery,3,45,135.0,62,4.2,upi,express,BakeHouse
1903,2024/04/23,Bengaluru,Cake 500g,Snacks,2,55,110.0,51,4.7,upi,Standard,BakeHouse
1904,2024-06-24,Bengaluru,Milk 1L,Bakery,4,,,48,4.0,UPI,Express,GreenCart
1905,2024/01/25,Jaipur,Banana 1dozen,Fruits,2,100,200.0,87,4.2,upi,standard,GroceryHub
1906,2024-01-16,Mumbai,Bread 400g,Bakery,4,45,180.0,77,4.0,Cash,Standard,FreshFarm
1907,26-01-2024,Jaipur,Cookies 300g,dairy,,80,400.0,40,4.7,cash,Standard,BakeHouse
1908,30-01-2024,delhi,Bread 400g,Bakery,two,,,31,4.0,cash,standard,GroceryHub
1909,2024-05-04,Jaipur,Wheat Flour 1kg,Poultry,5,45,225.0,27,,upi,Standard,GreenCart
1910,2024/02/12,delhi,Eggs 6pcs,dairy,4,55,220.0,81,4.0,Cash,express,GreenCart
1911,12-01-2024,Bengaluru,Curd 500g,grocery,2,80,160.0,39,4.8,cash,Standard,FarmFresh
1912,2024/05/11,Pune,Paneer 200g,Fruits,4,60,240.0,40,4.7,UPI,Express,SnackBox
1913,2024-04-15,delhi,Potato 1kg,Fruits,1,80,80.0,28,3.5,cash,Standard,FreshFarm
1914,2024/03/21,Banglore,Bun 2pcs,Vegetables,,70,140.0,74,4.8,Cash,standard,BakeHouse
1915,2024/02/22,Delhi,Tomato 1kg,Poultry,4,50,200.0,65,4.0,upi,Express,SnackBox
1916,2024-04-07,Banglore,Rice 1kg,Bakery,2,60,120.0,43,,cash,Express,BakeHouse
1917,08-04-2024,Pune,Sugar 1kg,Snacks,3,55,165.0,85,,upi,Express,BakeHouse
1918,2024-03-19,delhi,Eggs 6pcs,grocery,5,70,350.0,28,4.5,cash,Express,GreenCart
1919,2024-03-05,Bengaluru,Paneer 200g,Grocery,3,60,180.0,25,N/A,cash,Standard,FarmFresh
1920,06-01-2024,delhi,Onion 1kg,Vegetables,2,60,120.0,67,4.0,Card,Standard,SnackBox
1921,2024/01/07,Jaipur,Eggs 6pcs,Snacks,4,,,89,4.9,Card,standard,FarmFresh
1922,2024/02/29,Jaipur,Cookies 300g,Fruits,3,85,255.0,78,4.8,cash,express,GroceryHub
1923,2024-06-25,Mumbai,Curd 500g,Bakery,,,,76,4.7,Card,Standard,SnackBox
1924,2024-06-04,delhi,Curd 500g,Bakery,,60,180.0,51,4.2,cash,Express,GreenCart
1925,2024-05-24,Jaipur,Chicken 1kg,Dairy,two,30,120.0,48,N/A,upi,Express,FarmFresh
1926,21-04-2024,Delhi,Apple 1kg,Bakery,2,50,100.0,69,3.5,Cash,express,BakeHouse
1927,2024/05/19,Banglore,Eggs 6pcs,Fruits,1,50,50.0,51,4.0,UPI,Express,GreenCart
1928,2024-04-24,Delhi,Namkeen 500g,grocery,two,100,500.0,34,N/A,Cash,Express,GroceryHub
1929,05-03-2024,Banglore,Cake 500g,Bakery,4,40,160.0,40,4.8,Cash,express,FarmFresh
1930,2024/03/17,Mumbai,Rice 1kg,Snacks,,30,120.0,47,N/A,Cash,Express,SnackBox
1931,2024-05-07,Pune,Bun 2pcs,Bakery,two,70,70.0,67,4.7,Card,standard,SnackBox
1932,2024-05-13,Bengaluru,Eggs 6pcs,Grocery,4,30,120.0,26,4.7,Card,express,BakeHouse
1933,2024-05-30,delhi,Paneer 200g,Vegetables,1,50,50.0,35,,Cash,standard,FarmFresh
1934,2024/05/06,Mumbai,Eggs 6pcs,Fruits,4,85,340.0,58,4.5,cash,standard,FarmFresh
1935,06-03-2024,Mumbai,Chicken 1kg,Fruits,3,60,180.0,87,3.5,cash,express,FarmFresh
1936,2024/05/13,Delhi,Banana 1dozen,Snacks,4,50,200.0,88,4.5,UPI,standard,SnackBox
1937,2024/05/07,Banglore,Tomato 1kg,Bakery,2,80,160.0,59,4.5,UPI,express,FarmFresh
1938,07-05-2024,Pune,Chicken 1kg,Snacks,4,55,220.0,72,4.9,cash,express,SnackBox
1939,19-02-2024,Mumbai,Paneer 200g,Poultry,2,40,80.0,78,N/A,cash,standard,FarmFresh
1940,11-01-2024,Delhi,Sugar 1kg,grocery,3,50,150.0,63,4.0,cash,express,GreenCart
1941,2024/02/09,delhi,Rice 1kg,Snacks,1,55,55.0,58,3.5,cash,express,GroceryHub
1942,2024/06/24,Bengaluru,Milk 1L,Fruits,3,100,300.0,43,4.2,upi,express,GroceryHub
1943,17-01-2024,Delhi,Cake 500g,Grocery,4,85,340.0,90,4.5,upi,Express,FarmFresh
1944,25-03-2024,Mumbai,Sugar 1kg,Fruits,5,85,425.0,77,4.0,cash,Express,BakeHouse
1945,17-05-2024,Delhi,Cookies 300g,Bakery,2,40,80.0,88,4.8,Cash,Express,GreenCart
1946,2024-02-19,Bengaluru,Chips 200g,Poultry,4,100,400.0,74,N/A,cash,standard,GreenCart
1947,2024/06/01,Bengaluru,Bread 400g,Fruits,1,55,55.0,67,N/A,upi,express,FarmFresh
1948,2024-04-28,Delhi,Bun 2pcs,Fruits,3,100,300.0,81,4.7,upi,standard,BakeHouse
1949,28-04-2024,Pune,Tomato 1kg,Fruits,2,100,200.0,56,4.2,Card,Standard,FarmFresh
1950,22-02-2024,delhi,Eggs 6pcs,dairy,,85,340.0,53,4.5,cash,Standard,GroceryHub
1951,12-01-2024,Mumbai,Orange 1kg,dairy,two,40,200.0,43,4.7,Cash,Standard,FreshFarm
1952,2024/05/14,delhi,Cookies 300g,Poultry,1,70,70.0,56,4.7,Cash,standard,GroceryHub
1953,2024/04/05,Banglore,Sugar 1kg,Fruits,,45,180.0,46,4.2,Card,Standard,GroceryHub
1954,10-04-2024,Mumbai,Cookies 300g,Grocery,3,60,180.0,58,4.0,Card,standard,FarmFresh
1955,2024-06-11,Bengaluru,Cake 500g,dairy,3,45,135.0,27,4.0,cash,Express,FarmFresh
1956,2024/03/17,Pune,Rice 1kg,grocery,4,55,220.0,77,4.9,Cash,Express,BakeHouse
1957,2024-04-27,Jaipur,Eggs 6pcs,Dairy,,70,140.0,63,4.7,UPI,Standard,SnackBox
1958,2024-01-24,Jaipur,Milk 1L,Grocery,3,,,36,4.0,UPI,express,FarmFresh
1959,18-03-2024,Delhi,Milk 1L,dairy,two,40,80.0,33,4.0,Cash,express,GroceryHub
1960,2024/02/05,Pune,Potato 1kg,Snacks,3,40,120.0,45,3.5,UPI,standard,GreenCart
1961,31-01-2024,Mumbai,Eggs 6pcs,Grocery,two,45,135.0,84,4.8,Card,Express,BakeHouse
1962,2024-03-18,Delhi,Cake 500g,grocery,two,100,300.0,51,4.8,upi,standard,GreenCart
1963,2024-01-06,Jaipur,Milk 1L,Bakery,3,40,120.0,65,3.5,Cash,Express,GroceryHub
1964,30-03-2024,Pune,Apple 1kg,Fruits,4,50,200.0,86,4.5,Card,Express,FarmFresh
1965,2024-04-19,Bengaluru,Cookies 300g,Poultry,1,55,55.0,58,,UPI,Standard,FarmFresh
1966,10-03-2024,delhi,Potato 1kg,Poultry,2,30,60.0,39,4.7,UPI,express,GroceryHub
1967,2024-04-01,Bengaluru,Curd 500g,Snacks,1,100,100.0,45,4.0,Cash,Express,SnackBox
1968,2024/05/29,Bengaluru,Cake 500g,grocery,2,100,200.0,29,3.5,UPI,express,SnackBox
1969,07-06-2024,Jaipur,Chips 200g,Grocery,,70,70.0,35,3.5,Card,Express,SnackBox
1970,2024-05-17,Banglore,Curd 500g,Grocery,5,50,250.0,59,,upi,Standard,GroceryHub
1971,2024/05/29,Mumbai,Bread 400g,dairy,1,50,50.0,78,4.7,upi,Express,GroceryHub
1972,2024-03-03,Delhi,Tomato 1kg,Vegetables,two,100,400.0,86,4.2,cash,Express,GreenCart
1973,03-05-2024,Banglore,Orange 1kg,grocery,4,85,340.0,80,4.7,upi,express,SnackBox
1974,2024/05/06,delhi,Orange 1kg,Snacks,5,60,300.0,68,4.8,Card,express,GroceryHub
1975,2024-06-19,Jaipur,Banana 1dozen,Grocery,5,50,250.0,38,,Card,standard,BakeHouse
1976,2024-01-25,Jaipur,Eggs 6pcs,Bakery,4,100,400.0,65,4.8,Card,Standard,GreenCart
1977,2024-03-27,Bengaluru,Chicken 1kg,Vegetables,1,55,55.0,78,4.8,cash,Express,SnackBox
1978,2024/02/18,Banglore,Milk 1L,dairy,3,100,300.0,29,4.2,upi,Standard,SnackBox
1979,16-04-2024,Bengaluru,Sugar 1kg,Grocery,2,80,160.0,38,4.7,UPI,express,BakeHouse
1980,2024-05-29,Pune,Namkeen 500g,Dairy,2,100,200.0,90,4.0,Cash,standard,FreshFarm
1981,14-01-2024,Mumbai,Wheat Flour 1kg,Dairy,4,55,220.0,27,4.5,cash,Standard,FreshFarm
1982,2024-04-14,Jaipur,Apple 1kg,Dairy,4,85,340.0,65,4.2,UPI,Standard,GreenCart
1983,2024-03-25,Mumbai,Curd 500g,Vegetables,5,80,400.0,90,,Cash,Express,BakeHouse
1984,26-03-2024,Delhi,Orange 1kg,Poultry,two,70,210.0,61,N/A,Card,express,GreenCart
1985,2024/04/02,Mumbai,Onion 1kg,Snacks,4,100,400.0,28,4.0,Card,Standard,GreenCart
1986,2024-06-12,Delhi,Potato 1kg,Grocery,2,55,110.0,59,4.0,Cash,standard,FreshFarm
1987,2024-01-29,Delhi,Rice 1kg,Poultry,5,100,500.0,65,,Cash,express,BakeHouse
1988,08-06-2024,delhi,Chips 200g,Grocery,2,60,120.0,28,4.5,Card,express,BakeHouse
1989,28-06-2024,Bengaluru,Bread 400g,Bakery,,80,240.0,60,4.5,Cash,Express,BakeHouse
1990,2024-04-06,delhi,Onion 1kg,Snacks,4,50,200.0,90,4.7,Card,express,SnackBox
1991,2024-04-19,Mumbai,Paneer 200g,Dairy,3,30,90.0,57,4.8,UPI,express,BakeHouse
1992,2024-05-25,Banglore,Milk 1L,Grocery,3,70,210.0,40,4.8,Card,Express,FarmFresh
1993,16-02-2024,delhi,Eggs 6pcs,Grocery,4,55,220.0,52,3.5,cash,standard,FarmFresh
1994,23-05-2024,Bengaluru,Rice 1kg,Snacks,4,70,280.0,89,4.2,Card,Standard,GroceryHub
1995,2024/01/30,Bengaluru,Cookies 300g,Fruits,2,100,200.0,56,,Card,Express,FarmFresh
1996,2024/02/01,delhi,Potato 1kg,dairy,2,80,160.0,81,4.0,Card,standard,GreenCart
1997,2024-06-14,Bengaluru,Chips 200g,grocery,2,40,80.0,53,,UPI,Standard,FarmFresh
1998,2024-03-31,Delhi,Curd 500g,Grocery,1,100,100.0,81,4.7,Card,Express,BakeHouse
1999,2024/03/16,Banglore,Namkeen 500g,Bakery,two,85,255.0,39,4.2,upi,Express,FreshFarm
2000,2024/06/05,Banglore,Rice 1kg,grocery,3,40,120.0,47,4.5,UPI,Express,FreshFarm
